Trip_ID,Transit_Line,Station_From,Time_of_Day,Scheduled_Interval,Actual_Wait_Time,Weather_Condition,Delay_Minutes
TRIP_001,LRT-2,Recto,Peak Evening,5,13.64,Heavy Rain,8.64
TRIP_002,MRT-3,North Ave,Peak Evening,8,24.75,Heavy Rain,16.75
TRIP_003,MRT-3,Guadalupe,Late Night,6,8.11,Clear,2.11
TRIP_004,LRT-2,Anonas,Peak Evening,7,19.28,Cloudy,12.28
TRIP_005,EDSA Carousel,Roxas Blvd,Peak Morning,8,24.03,Clear,16.03
TRIP_006,LRT-2,V. Mapa,Mid-Day,9,14.99,Heavy Rain,5.99
TRIP_007,MRT-3,Shaw Blvd,Late Night,7,6.95,Cloudy,-0.05
TRIP_008,MRT-3,Cubao,Mid-Day,7,7.16,Clear,0.16
TRIP_009,LRT-2,Betty Go-Belmonte,Peak Evening,5,13.21,Clear,8.21
TRIP_010,LRT-2,Gilmore,Peak Morning,5,12.99,Clear,7.99
TRIP_011,EDSA Carousel,Ortigas,Peak Morning,8,36.57,Heavy Rain,28.57
TRIP_012,MRT-3,North Ave,Peak Evening,5,17.27,Clear,12.27
TRIP_013,EDSA Carousel,SM Mall of Asia,Peak Evening,6,21.32,Cloudy,15.32
TRIP_014,EDSA Carousel,Tramo,Mid-Day,8,9.3,Clear,1.3
TRIP_015,EDSA Carousel,SM North EDSA,Peak Morning,8,26.09,Heavy Rain,18.09
TRIP_016,EDSA Carousel,Tramo,Mid-Day,6,9.59,Clear,3.59
TRIP_017,EDSA Carousel,Roxas Blvd,Peak Evening,6,34.58,Heavy Rain,28.58
TRIP_018,EDSA Carousel,Roxas Blvd,Late Night,5,4.81,Cloudy,-0.19
TRIP_019,MRT-3,Kamuning,Late Night,10,8.79,Cloudy,-1.21
TRIP_020,EDSA Carousel,Balintawak,Peak Morning,7,18.69,Cloudy,11.69
TRIP_021,LRT-1,Abad Santos,Late Night,7,8.01,Heavy Rain,1.01
TRIP_022,LRT-2,Betty Go-Belmonte,Peak Morning,6,18.61,Clear,12.61
TRIP_023,MRT-3,Ortigas,Peak Morning,7,18.27,Clear,11.27
TRIP_024,LRT-2,J. Ruiz,Late Night,9,8.34,Cloudy,-0.66
TRIP_025,LRT-1,Blumentritt,Mid-Day,10,11.18,Clear,1.18
TRIP_026,EDSA Carousel,Buendia,Peak Morning,9,24.8,Clear,15.8
TRIP_027,EDSA Carousel,Monumento Terminal,Mid-Day,10,12.28,Cloudy,2.28
TRIP_028,LRT-2,Anonas,Late Night,6,10.66,Heavy Rain,4.66
TRIP_029,MRT-3,Ortigas,Peak Morning,10,28.19,Cloudy,18.19
TRIP_030,MRT-3,Taft Ave,Peak Evening,6,21.19,Heavy Rain,15.19
TRIP_031,EDSA Carousel,Nepa Q. Mart,Mid-Day,6,7.81,Clear,1.81
TRIP_032,LRT-1,Vito Cruz,Peak Morning,10,25.22,Cloudy,15.22
TRIP_033,EDSA Carousel,Taft Ave,Mid-Day,10,21.68,Heavy Rain,11.68
TRIP_034,LRT-2,Marikina-Pasay,Peak Morning,9,25.16,Heavy Rain,16.16
TRIP_035,LRT-2,Cubao,Late Night,10,9.4,Cloudy,-0.6
TRIP_036,MRT-3,Buendia,Late Night,5,5.05,Clear,0.05
TRIP_037,MRT-3,Quezon Ave,Peak Morning,6,15.84,Clear,9.84
TRIP_038,EDSA Carousel,Roxas Blvd,Peak Morning,7,18.79,Cloudy,11.79
TRIP_039,LRT-1,Bambang,Peak Morning,8,20.04,Cloudy,12.04
TRIP_040,EDSA Carousel,PITX Terminal,Mid-Day,8,10.17,Cloudy,2.17
TRIP_041,LRT-2,Antipolo,Late Night,10,10.88,Clear,0.88
TRIP_042,EDSA Carousel,Kamuning,Peak Morning,5,23.25,Heavy Rain,18.25
TRIP_043,MRT-3,Guadalupe,Peak Morning,7,23.59,Heavy Rain,16.59
TRIP_044,EDSA Carousel,Ortigas,Peak Evening,8,20.27,Cloudy,12.27
TRIP_045,MRT-3,Guadalupe,Late Night,7,10.63,Cloudy,3.63
TRIP_046,EDSA Carousel,Bagong Barrio,Peak Morning,9,23.89,Cloudy,14.89
TRIP_047,LRT-1,Asia World,Peak Evening,8,26.8,Cloudy,18.8
TRIP_048,LRT-1,Baclaran,Peak Evening,8,20.2,Clear,12.2
TRIP_049,EDSA Carousel,Philam,Mid-Day,5,9.01,Cloudy,4.01
TRIP_050,LRT-2,Betty Go-Belmonte,Late Night,8,9.01,Cloudy,1.01
TRIP_051,LRT-2,Anonas,Peak Evening,10,27.31,Clear,17.31
TRIP_052,EDSA Carousel,Buendia,Peak Morning,5,12.95,Cloudy,7.95
TRIP_053,LRT-1,UN Avenue,Mid-Day,8,8.64,Cloudy,0.64
TRIP_054,MRT-3,Guadalupe,Peak Morning,10,31.58,Heavy Rain,21.58
TRIP_055,EDSA Carousel,Kamuning,Peak Morning,9,29.83,Cloudy,20.83
TRIP_056,EDSA Carousel,North Ave,Mid-Day,10,11.36,Clear,1.36
TRIP_057,MRT-3,Buendia,Late Night,9,8.42,Heavy Rain,-0.58
TRIP_058,LRT-2,Recto,Mid-Day,6,7.19,Cloudy,1.19
TRIP_059,LRT-1,UN Avenue,Late Night,7,8.8,Heavy Rain,1.8
TRIP_060,LRT-2,Katipunan,Peak Morning,6,17.83,Cloudy,11.83
TRIP_061,EDSA Carousel,Guadalupe,Mid-Day,8,30.7,Heavy Rain,22.7
TRIP_062,LRT-1,Balintawak,Late Night,9,9.35,Heavy Rain,0.35
TRIP_063,MRT-3,Shaw Blvd,Peak Evening,10,26.43,Cloudy,16.43
TRIP_064,MRT-3,Taft Ave,Mid-Day,5,8.03,Heavy Rain,3.03
TRIP_065,LRT-1,Asia World,Peak Morning,10,27.21,Clear,17.21
TRIP_066,EDSA Carousel,Cubao-Magallanes,Mid-Day,8,11.68,Cloudy,3.68
TRIP_067,LRT-1,Carriedo,Peak Morning,9,23.63,Heavy Rain,14.63
TRIP_068,MRT-3,North Ave,Mid-Day,8,10.54,Heavy Rain,2.54
TRIP_069,MRT-3,North Ave,Peak Morning,10,25.48,Cloudy,15.48
TRIP_070,LRT-2,Legarda,Late Night,9,10.1,Clear,1.1
TRIP_071,LRT-2,Gilmore,Mid-Day,9,10.81,Cloudy,1.81
TRIP_072,MRT-3,Ayala,Mid-Day,6,6.69,Clear,0.69
TRIP_073,LRT-2,Betty Go-Belmonte,Peak Morning,9,23.9,Clear,14.9
TRIP_074,MRT-3,Boni,Peak Evening,6,17.34,Cloudy,11.34
TRIP_075,LRT-1,Monumento,Peak Morning,5,15.0,Cloudy,10.0
TRIP_076,EDSA Carousel,Roosevelt,Late Night,7,22.16,Heavy Rain,15.16
TRIP_077,LRT-1,Asia World,Late Night,9,8.47,Cloudy,-0.53
TRIP_078,EDSA Carousel,Monumento Terminal,Peak Evening,8,20.52,Clear,12.52
TRIP_079,LRT-2,V. Mapa,Peak Evening,6,21.23,Heavy Rain,15.23
TRIP_080,LRT-1,Redemptorist,Peak Evening,6,21.31,Cloudy,15.31
TRIP_081,LRT-1,Redemptorist,Late Night,9,11.48,Clear,2.48
TRIP_082,EDSA Carousel,Ayala,Peak Morning,8,32.31,Heavy Rain,24.31
TRIP_083,LRT-1,Redemptorist,Mid-Day,9,11.04,Clear,2.04
TRIP_084,MRT-3,Buendia,Peak Evening,5,15.43,Cloudy,10.43
TRIP_085,MRT-3,Buendia,Peak Evening,5,12.8,Cloudy,7.8
TRIP_086,MRT-3,Taft Ave,Late Night,5,4.35,Clear,-0.65
TRIP_087,LRT-2,Pureza,Late Night,5,7.96,Cloudy,2.96
TRIP_088,EDSA Carousel,PITX Terminal,Peak Morning,8,20.41,Cloudy,12.41
TRIP_089,EDSA Carousel,Bagong Barrio,Late Night,10,15.4,Heavy Rain,5.4
TRIP_090,MRT-3,Santolan-Annapolis,Late Night,10,11.73,Heavy Rain,1.73
TRIP_091,LRT-1,Ninoy Aquino,Late Night,6,8.11,Cloudy,2.11
TRIP_092,EDSA Carousel,Nepa Q. Mart,Late Night,5,23.01,Heavy Rain,18.01
TRIP_093,LRT-1,Vito Cruz,Peak Evening,9,26.22,Heavy Rain,17.22
TRIP_094,LRT-1,Tayuman,Peak Morning,7,20.01,Cloudy,13.01
TRIP_095,MRT-3,Boni,Mid-Day,5,6.47,Cloudy,1.47
TRIP_096,LRT-2,Marikina-Pasay,Late Night,5,8.83,Cloudy,3.83
TRIP_097,LRT-1,Doroteo Jose,Late Night,9,13.3,Heavy Rain,4.3
TRIP_098,LRT-1,5th Avenue,Mid-Day,7,12.12,Clear,5.12
TRIP_099,LRT-1,Blumentritt,Peak Evening,7,20.35,Cloudy,13.35
TRIP_100,MRT-3,Kamuning,Peak Evening,10,28.3,Cloudy,18.3
TRIP_101,LRT-1,Asia World,Late Night,8,8.8,Cloudy,0.8
TRIP_102,MRT-3,Buendia,Late Night,8,6.61,Cloudy,-1.39
TRIP_103,LRT-2,Legarda,Mid-Day,7,12.43,Clear,5.43
TRIP_104,MRT-3,Shaw Blvd,Late Night,8,7.58,Clear,-0.42
TRIP_105,MRT-3,Shaw Blvd,Peak Evening,6,16.98,Heavy Rain,10.98
TRIP_106,EDSA Carousel,Ortigas,Mid-Day,6,6.64,Cloudy,0.64
TRIP_107,LRT-2,J. Ruiz,Peak Morning,8,20.4,Cloudy,12.4
TRIP_108,LRT-2,Santolan,Late Night,9,11.54,Cloudy,2.54
TRIP_109,LRT-1,Doroteo Jose,Peak Evening,8,21.56,Heavy Rain,13.56
TRIP_110,EDSA Carousel,Balintawak,Peak Evening,9,24.04,Cloudy,15.04
TRIP_111,MRT-3,Boni,Peak Evening,8,21.94,Clear,13.94
TRIP_112,MRT-3,Ayala,Peak Evening,5,12.57,Cloudy,7.57
TRIP_113,LRT-2,V. Mapa,Late Night,7,7.67,Clear,0.67
TRIP_114,MRT-3,Magallanes,Peak Evening,7,24.04,Heavy Rain,17.04
TRIP_115,LRT-2,Katipunan,Late Night,8,7.12,Heavy Rain,-0.88
TRIP_116,LRT-2,Cubao,Peak Morning,7,18.73,Heavy Rain,11.73
TRIP_117,EDSA Carousel,North Ave,Peak Evening,7,18.85,Clear,11.85
TRIP_118,MRT-3,Shaw Blvd,Mid-Day,10,14.25,Clear,4.25
TRIP_119,MRT-3,Magallanes,Mid-Day,7,10.48,Heavy Rain,3.48
TRIP_120,EDSA Carousel,Main Avenue,Peak Morning,8,20.79,Cloudy,12.79
TRIP_121,EDSA Carousel,Philam,Late Night,9,8.46,Clear,-0.54
TRIP_122,LRT-1,Asia World,Late Night,9,11.71,Clear,2.71
TRIP_123,LRT-1,Quirino,Late Night,7,8.8,Clear,1.8
TRIP_124,EDSA Carousel,Ayala,Peak Morning,7,40.49,Heavy Rain,33.49
TRIP_125,LRT-2,Anonas,Peak Morning,6,15.32,Clear,9.32
TRIP_126,EDSA Carousel,Ortigas,Late Night,8,21.64,Heavy Rain,13.64
TRIP_127,MRT-3,Guadalupe,Peak Evening,6,18.51,Clear,12.51
TRIP_128,EDSA Carousel,Ortigas,Mid-Day,9,13.0,Clear,4.0
TRIP_129,LRT-2,Gilmore,Mid-Day,9,11.03,Cloudy,2.03
TRIP_130,LRT-2,Cubao,Mid-Day,7,8.03,Clear,1.03
TRIP_131,LRT-1,Central Terminal,Peak Evening,6,20.1,Cloudy,14.1
TRIP_132,LRT-1,UN Avenue,Late Night,8,7.39,Clear,-0.61
TRIP_133,EDSA Carousel,Cubao-Magallanes,Peak Morning,9,23.9,Clear,14.9
TRIP_134,MRT-3,Shaw Blvd,Late Night,9,9.09,Heavy Rain,0.09
TRIP_135,LRT-2,Betty Go-Belmonte,Late Night,5,7.68,Cloudy,2.68
TRIP_136,LRT-1,Dr. Santos,Peak Morning,9,26.64,Cloudy,17.64
TRIP_137,LRT-1,Ninoy Aquino,Mid-Day,6,16.09,Heavy Rain,10.09
TRIP_138,MRT-3,Kamuning,Late Night,7,11.71,Cloudy,4.71
TRIP_139,MRT-3,Magallanes,Late Night,9,11.65,Clear,2.65
TRIP_140,MRT-3,Guadalupe,Mid-Day,5,7.88,Heavy Rain,2.88
TRIP_141,LRT-2,Betty Go-Belmonte,Mid-Day,8,9.76,Cloudy,1.76
TRIP_142,EDSA Carousel,Philam,Peak Morning,9,23.46,Clear,14.46
TRIP_143,EDSA Carousel,Kennedy Road,Peak Morning,10,28.01,Cloudy,18.01
TRIP_144,LRT-1,Bambang,Peak Evening,10,25.24,Cloudy,15.24
TRIP_145,MRT-3,Ayala,Mid-Day,6,6.74,Cloudy,0.74
TRIP_146,EDSA Carousel,Ayala,Peak Morning,9,28.73,Cloudy,19.73
TRIP_147,MRT-3,Ayala,Late Night,9,9.36,Cloudy,0.36
TRIP_148,EDSA Carousel,Main Avenue,Mid-Day,7,21.74,Heavy Rain,14.74
TRIP_149,EDSA Carousel,Nepa Q. Mart,Late Night,10,40.28,Heavy Rain,30.28
TRIP_150,MRT-3,Kamuning,Peak Morning,7,19.35,Heavy Rain,12.35
TRIP_151,MRT-3,Ortigas,Late Night,9,8.42,Cloudy,-0.58
TRIP_152,LRT-2,Marikina-Pasay,Mid-Day,6,10.92,Heavy Rain,4.92
TRIP_153,LRT-2,Pureza,Peak Morning,10,26.49,Cloudy,16.49
TRIP_154,MRT-3,Ortigas,Late Night,10,8.61,Cloudy,-1.39
TRIP_155,LRT-1,Abad Santos,Peak Morning,7,21.4,Heavy Rain,14.4
TRIP_156,LRT-2,Legarda,Peak Evening,7,19.78,Cloudy,12.78
TRIP_157,MRT-3,Santolan-Annapolis,Peak Morning,10,26.59,Cloudy,16.59
TRIP_158,EDSA Carousel,Guadalupe,Late Night,10,22.63,Heavy Rain,12.63
TRIP_159,LRT-2,Antipolo,Peak Evening,9,26.27,Heavy Rain,17.27
TRIP_160,EDSA Carousel,PITX Terminal,Mid-Day,10,15.03,Cloudy,5.03
TRIP_161,LRT-2,Betty Go-Belmonte,Late Night,7,6.69,Cloudy,-0.31
TRIP_162,LRT-2,V. Mapa,Peak Evening,6,15.94,Cloudy,9.94
TRIP_163,LRT-2,Pureza,Peak Evening,10,25.8,Cloudy,15.8
TRIP_164,LRT-1,Pedro Gil,Late Night,10,9.2,Cloudy,-0.8
TRIP_165,LRT-1,Fernando Poe Jr. (Roosevelt),Peak Evening,6,17.68,Heavy Rain,11.68
TRIP_166,EDSA Carousel,Nepa Q. Mart,Mid-Day,7,8.59,Cloudy,1.59
TRIP_167,LRT-1,Libertad,Peak Morning,8,20.26,Cloudy,12.26
TRIP_168,LRT-1,Fernando Poe Jr. (Roosevelt),Peak Evening,10,25.15,Cloudy,15.15
TRIP_169,MRT-3,Ayala,Late Night,8,9.05,Heavy Rain,1.05
TRIP_170,MRT-3,Buendia,Late Night,8,12.16,Heavy Rain,4.16
TRIP_171,EDSA Carousel,Nepa Q. Mart,Peak Morning,5,31.34,Heavy Rain,26.34
TRIP_172,EDSA Carousel,Roosevelt,Late Night,8,8.7,Cloudy,0.7
TRIP_173,LRT-1,Dr. Santos,Peak Morning,10,27.89,Cloudy,17.89
TRIP_174,LRT-1,R. Papa,Peak Morning,10,29.66,Heavy Rain,19.66
TRIP_175,LRT-2,Recto,Mid-Day,6,10.3,Heavy Rain,4.3
TRIP_176,MRT-3,Guadalupe,Peak Evening,8,21.65,Cloudy,13.65
TRIP_177,LRT-2,J. Ruiz,Peak Evening,10,31.31,Heavy Rain,21.31
TRIP_178,LRT-1,Doroteo Jose,Mid-Day,6,9.87,Heavy Rain,3.87
TRIP_179,MRT-3,Boni,Mid-Day,9,9.52,Cloudy,0.52
TRIP_180,LRT-1,Blumentritt,Peak Morning,10,25.07,Cloudy,15.07
TRIP_181,EDSA Carousel,Roosevelt,Peak Morning,7,21.94,Heavy Rain,14.94
TRIP_182,LRT-1,Vito Cruz,Late Night,8,7.14,Cloudy,-0.86
TRIP_183,EDSA Carousel,SM Mall of Asia,Late Night,9,8.21,Clear,-0.79
TRIP_184,LRT-1,Balintawak,Mid-Day,8,9.46,Cloudy,1.46
TRIP_185,EDSA Carousel,Balintawak,Peak Morning,5,14.04,Cloudy,9.04
TRIP_186,LRT-2,Cubao,Late Night,10,14.2,Clear,4.2
TRIP_187,LRT-2,Betty Go-Belmonte,Peak Evening,8,21.85,Clear,13.85
TRIP_188,LRT-2,J. Ruiz,Late Night,5,4.1,Cloudy,-0.9
TRIP_189,LRT-1,Gil Puyat,Peak Morning,9,22.9,Cloudy,13.9
TRIP_190,MRT-3,Cubao,Peak Morning,10,25.42,Cloudy,15.42
TRIP_191,MRT-3,Taft Ave,Peak Morning,10,25.87,Clear,15.87
TRIP_192,MRT-3,Quezon Ave,Mid-Day,8,15.05,Heavy Rain,7.05
TRIP_193,EDSA Carousel,Balintawak,Peak Evening,6,19.65,Cloudy,13.65
TRIP_194,MRT-3,Taft Ave,Late Night,5,5.54,Cloudy,0.54
TRIP_195,LRT-2,Gilmore,Late Night,6,5.02,Cloudy,-0.98
TRIP_196,EDSA Carousel,Roxas Blvd,Peak Morning,10,25.83,Clear,15.83
TRIP_197,EDSA Carousel,Roosevelt,Mid-Day,5,24.05,Heavy Rain,19.05
TRIP_198,LRT-2,Marikina-Pasay,Peak Morning,6,15.99,Clear,9.99
TRIP_199,MRT-3,Guadalupe,Late Night,5,6.57,Clear,1.57
TRIP_200,MRT-3,Boni,Late Night,5,10.18,Clear,5.18
TRIP_201,MRT-3,Quezon Ave,Late Night,6,8.42,Cloudy,2.42
TRIP_202,LRT-2,Cubao,Peak Morning,10,33.14,Heavy Rain,23.14
TRIP_203,LRT-2,Legarda,Mid-Day,7,8.36,Clear,1.36
TRIP_204,EDSA Carousel,Roosevelt,Peak Morning,7,19.15,Clear,12.15
TRIP_205,LRT-1,Gil Puyat,Peak Evening,8,20.3,Cloudy,12.3
TRIP_206,MRT-3,Ortigas,Late Night,9,7.94,Clear,-1.06
TRIP_207,LRT-2,Santolan,Peak Morning,5,15.8,Heavy Rain,10.8
TRIP_208,LRT-2,Recto,Peak Morning,8,32.36,Heavy Rain,24.36
TRIP_209,LRT-2,Marikina-Pasay,Peak Morning,10,31.43,Clear,21.43
TRIP_210,LRT-2,Antipolo,Late Night,9,9.01,Cloudy,0.01
TRIP_211,LRT-2,Betty Go-Belmonte,Peak Evening,9,24.12,Heavy Rain,15.12
TRIP_212,MRT-3,North Ave,Mid-Day,5,14.25,Heavy Rain,9.25
TRIP_213,LRT-1,5th Avenue,Mid-Day,7,11.56,Heavy Rain,4.56
TRIP_214,MRT-3,Ortigas,Mid-Day,7,9.64,Cloudy,2.64
TRIP_215,MRT-3,Santolan-Annapolis,Peak Evening,8,22.61,Clear,14.61
TRIP_216,LRT-1,Dr. Santos,Peak Evening,7,18.28,Clear,11.28
TRIP_217,EDSA Carousel,Buendia,Peak Evening,10,37.47,Heavy Rain,27.47
TRIP_218,LRT-2,Cubao,Peak Morning,7,18.76,Clear,11.76
TRIP_219,EDSA Carousel,Santolan-Annapolis,Peak Evening,9,21.32,Cloudy,12.32
TRIP_220,EDSA Carousel,Kamuning,Mid-Day,7,25.72,Heavy Rain,18.72
TRIP_221,MRT-3,Quezon Ave,Mid-Day,6,9.03,Heavy Rain,3.03
TRIP_222,LRT-2,Cubao,Peak Evening,7,19.82,Cloudy,12.82
TRIP_223,LRT-1,Libertad,Mid-Day,8,9.04,Clear,1.04
TRIP_224,LRT-1,Baclaran,Mid-Day,10,17.66,Heavy Rain,7.66
TRIP_225,EDSA Carousel,North Ave,Mid-Day,9,11.7,Cloudy,2.7
TRIP_226,EDSA Carousel,PITX Terminal,Mid-Day,6,7.61,Cloudy,1.61
TRIP_227,EDSA Carousel,Guadalupe,Peak Morning,8,20.3,Cloudy,12.3
TRIP_228,EDSA Carousel,Taft Ave,Peak Morning,5,24.06,Heavy Rain,19.06
TRIP_229,EDSA Carousel,Ayala,Peak Morning,8,24.14,Cloudy,16.14
TRIP_230,MRT-3,Guadalupe,Mid-Day,10,11.46,Heavy Rain,1.46
TRIP_231,MRT-3,Santolan-Annapolis,Mid-Day,7,9.32,Heavy Rain,2.32
TRIP_232,LRT-1,Dr. Santos,Peak Evening,5,16.23,Cloudy,11.23
TRIP_233,MRT-3,Ayala,Peak Morning,10,28.78,Clear,18.78
TRIP_234,LRT-2,V. Mapa,Peak Evening,8,20.95,Cloudy,12.95
TRIP_235,LRT-2,Katipunan,Late Night,9,14.16,Cloudy,5.16
TRIP_236,EDSA Carousel,PITX Terminal,Peak Evening,6,25.63,Heavy Rain,19.63
TRIP_237,LRT-1,Redemptorist,Peak Evening,9,27.87,Heavy Rain,18.87
TRIP_238,LRT-1,Fernando Poe Jr. (Roosevelt),Late Night,7,8.16,Heavy Rain,1.16
TRIP_239,MRT-3,Boni,Mid-Day,10,18.11,Heavy Rain,8.11
TRIP_240,LRT-2,Betty Go-Belmonte,Late Night,6,13.35,Cloudy,7.35
TRIP_241,MRT-3,North Ave,Mid-Day,5,6.59,Clear,1.59
TRIP_242,EDSA Carousel,Bagong Barrio,Peak Morning,9,51.57,Heavy Rain,42.57
TRIP_243,MRT-3,Taft Ave,Late Night,10,14.09,Heavy Rain,4.09
TRIP_244,MRT-3,Quezon Ave,Late Night,9,14.75,Heavy Rain,5.75
TRIP_245,EDSA Carousel,Taft Ave,Peak Evening,6,15.81,Clear,9.81
TRIP_246,EDSA Carousel,Balintawak,Mid-Day,6,11.12,Clear,5.12
TRIP_247,MRT-3,Guadalupe,Mid-Day,10,12.4,Cloudy,2.4
TRIP_248,LRT-2,Legarda,Peak Evening,9,25.63,Clear,16.63
TRIP_249,MRT-3,Ayala,Peak Morning,10,25.28,Clear,15.28
TRIP_250,MRT-3,Quezon Ave,Late Night,5,7.13,Clear,2.13
TRIP_251,LRT-2,Cubao,Mid-Day,8,13.69,Heavy Rain,5.69
TRIP_252,EDSA Carousel,Kamuning,Peak Morning,5,13.74,Clear,8.74
TRIP_253,MRT-3,Shaw Blvd,Late Night,10,8.31,Clear,-1.69
TRIP_254,LRT-2,Katipunan,Mid-Day,8,12.43,Clear,4.43
TRIP_255,LRT-2,V. Mapa,Mid-Day,7,10.3,Heavy Rain,3.3
TRIP_256,MRT-3,Shaw Blvd,Peak Evening,10,27.82,Cloudy,17.82
TRIP_257,MRT-3,Santolan-Annapolis,Peak Morning,6,17.59,Clear,11.59
TRIP_258,MRT-3,Guadalupe,Peak Morning,8,24.16,Cloudy,16.16
TRIP_259,MRT-3,North Ave,Mid-Day,8,8.63,Cloudy,0.63
TRIP_260,MRT-3,sHAW bLVD,Peak Evening,7,19.38,Clear,12.38
TRIP_261,MRT-3,Magallanes,Peak Morning,8,22.28,Heavy Rain,14.28
TRIP_262,LRT-1,Vito Cruz,Late Night,9,7.93,Heavy Rain,-1.07
TRIP_263,EDSA Carousel,Balintawak,Peak Evening,8,24.21,Clear,16.21
TRIP_264,LRT-2,J. Ruiz,Peak Evening,8,20.79,Cloudy,12.79
TRIP_265,MRT-3,Cubao,Mid-Day,5,6.26,Clear,1.26
TRIP_266,MRT-3,Ortigas,Peak Evening,6,16.57,Clear,10.57
TRIP_267,MRT-3,Taft Ave,Late Night,5,6.85,Heavy Rain,1.85
TRIP_268,MRT-3,Taft Ave,Mid-Day,8,8.25,Clear,0.25
TRIP_269,LRT-2,Antipolo,Peak Morning,10,26.32,Clear,16.32
TRIP_270,LRT-1,Fernando Poe Jr. (Roosevelt),Mid-Day,6,8.56,Cloudy,2.56
TRIP_271,LRT-1,Monumento,Peak Morning,8,21.33,Cloudy,13.33
TRIP_272,MRT-3,Ortigas,Mid-Day,9,12.22,Clear,3.22
TRIP_273,MRT-3,Ortigas,Peak Evening,6,17.37,Clear,11.37
TRIP_274,LRT-1,Baclaran,Mid-Day,7,7.39,Clear,0.39
TRIP_275,MRT-3,Taft Ave,Peak Morning,8,22.64,Heavy Rain,14.64
TRIP_276,MRT-3,Ortigas,Peak Morning,10,28.91,Cloudy,18.91
TRIP_277,LRT-2,Santolan,Peak Morning,8,22.7,Clear,14.7
TRIP_278,LRT-2,J. Ruiz,Mid-Day,10,18.76,Heavy Rain,8.76
TRIP_279,LRT-1,Blumentritt,Peak Morning,7,17.89,Cloudy,10.89
TRIP_280,LRT-1,Balintawak,Late Night,7,8.9,Cloudy,1.9
TRIP_281,EDSA Carousel,Ayala,Peak Evening,10,26.3,Clear,16.3
TRIP_282,LRT-1,Pedro Gil,Peak Morning,8,21.44,Clear,13.44
TRIP_283,LRT-2,Legarda,Peak Morning,6,15.59,Clear,9.59
TRIP_284,LRT-2,J. Ruiz,Mid-Day,8,8.76,Cloudy,0.76
TRIP_285,LRT-2,Legarda,Peak Evening,7,19.83,Cloudy,12.83
TRIP_286,EDSA Carousel,Main Avenue,Mid-Day,9,10.15,Cloudy,1.15
TRIP_287,LRT-2,Betty Go-Belmonte,Mid-Day,10,10.61,Clear,0.61
TRIP_288,MRT-3,Taft Ave,Mid-Day,8,9.67,Cloudy,1.67
TRIP_289,LRT-1,Gil Puyat,Mid-Day,6,6.38,Clear,0.38
TRIP_290,LRT-1,Vito Cruz,Late Night,5,10.83,Heavy Rain,5.83
TRIP_291,LRT-2,Antipolo,Late Night,6,9.45,Heavy Rain,3.45
TRIP_292,LRT-2,Antipolo,Mid-Day,6,15.12,Clear,9.12
TRIP_293,LRT-2,Cubao,Peak Evening,8,22.29,Cloudy,14.29
TRIP_294,MRT-3,Quezon Ave,Peak Evening,10,26.01,Heavy Rain,16.01
TRIP_295,LRT-1,UN Avenue,Mid-Day,6,7.93,Cloudy,1.93
TRIP_296,MRT-3,Guadalupe,Peak Evening,5,21.94,Cloudy,16.94
TRIP_297,LRT-1,Vito Cruz,Peak Evening,8,21.31,Clear,13.31
TRIP_298,LRT-1,5th Avenue,Peak Evening,8,24.1,Cloudy,16.1
TRIP_299,EDSA Carousel,SM Mall of Asia,Late Night,9,19.04,Heavy Rain,10.04
TRIP_300,EDSA Carousel,Buendia,Mid-Day,5,7.68,Cloudy,2.68
TRIP_301,LRT-1,Tayuman,Peak Evening,7,19.64,Cloudy,12.64
TRIP_302,LRT-2,Pureza,Peak Evening,8,29.31,Heavy Rain,21.31
TRIP_303,LRT-1,Abad Santos,Late Night,9,11.83,Heavy Rain,2.83
TRIP_304,LRT-2,Antipolo,Mid-Day,9,9.19,Cloudy,0.19
TRIP_305,LRT-2,Legarda,Mid-Day,8,10.15,Cloudy,2.15
TRIP_306,LRT-2,Antipolo,Late Night,9,9.32,Clear,0.32
TRIP_307,LRT-1,Abad Santos,Late Night,6,5.48,Clear,-0.52
TRIP_308,MRT-3,Santolan-Annapolis,Peak Morning,6,16.43,Cloudy,10.43
TRIP_309,EDSA Carousel,Santolan-Annapolis,Peak Morning,5,16.71,Clear,11.71
TRIP_310,MRT-3,Shaw Blvd,Late Night,6,6.91,Cloudy,0.91
TRIP_311,EDSA Carousel,Balintawak,Late Night,7,21.11,Heavy Rain,14.11
TRIP_312,MRT-3,Quezon Ave,Peak Morning,9,22.75,Cloudy,13.75
TRIP_313,LRT-1,Gil Puyat,Peak Evening,10,25.72,Heavy Rain,15.72
TRIP_314,EDSA Carousel,Monumento Terminal,Late Night,6,14.79,Heavy Rain,8.79
TRIP_315,LRT-2,Antipolo,Peak Evening,7,22.79,Cloudy,15.79
TRIP_316,EDSA Carousel,Roxas Blvd,Mid-Day,7,19.47,Heavy Rain,12.47
TRIP_317,LRT-2,Santolan,Peak Evening,10,27.61,Clear,17.61
TRIP_318,LRT-2,Recto,Peak Evening,9,23.0,Clear,14.0
TRIP_319,MRT-3,Guadalupe,Late Night,8,10.0,Heavy Rain,2.0
TRIP_320,MRT-3,Cubao,Late Night,6,5.44,Clear,-0.56
TRIP_321,MRT-3,Magallanes,Peak Evening,7,22.42,Heavy Rain,15.42
TRIP_322,LRT-1,Dr. Santos,Peak Evening,5,17.67,Heavy Rain,12.67
TRIP_323,EDSA Carousel,SM Mall of Asia,Late Night,9,10.26,Cloudy,1.26
TRIP_324,MRT-3,santolan-annapolis,Peak Morning,9,26.76,Cloudy,17.76
TRIP_325,LRT-2,Marikina-Pasay,Peak Evening,10,27.17,Cloudy,17.17
TRIP_326,LRT-2,Legarda,Late Night,7,7.1,Cloudy,0.1
TRIP_327,LRT-2,Antipolo,Peak Morning,8,28.18,Heavy Rain,20.18
TRIP_328,LRT-1,Vito Cruz,Mid-Day,8,11.25,Heavy Rain,3.25
TRIP_329,MRT-3,Magallanes,Peak Evening,7,17.98,Cloudy,10.98
TRIP_330,MRT-3,Cubao,Peak Evening,10,21.94,Clear,11.94
TRIP_331,LRT-1,Quirino,Mid-Day,10,16.14,Heavy Rain,6.14
TRIP_332,EDSA Carousel,Quezon Ave,Peak Morning,7,53.44,Heavy Rain,46.44
TRIP_333,LRT-2,Antipolo,Mid-Day,10,13.09,Cloudy,3.09
TRIP_334,LRT-2,Marikina-Pasay,Peak Evening,10,27.22,Cloudy,17.22
TRIP_335,EDSA Carousel,Ayala,Peak Morning,7,19.95,Cloudy,12.95
TRIP_336,EDSA Carousel,Roosevelt,Mid-Day,9,10.52,Cloudy,1.52
TRIP_337,LRT-1,Fernando Poe Jr. (Roosevelt),Peak Evening,9,23.15,Clear,14.15
TRIP_338,MRT-3,Shaw Blvd,Peak Evening,7,19.62,Cloudy,12.62
TRIP_339,MRT-3,Taft Ave,Mid-Day,6,10.43,Cloudy,4.43
TRIP_340,LRT-2,Santolan,Peak Evening,8,24.0,Heavy Rain,16.0
TRIP_341,EDSA Carousel,Taft Ave,Late Night,6,4.86,Clear,-1.14
TRIP_342,EDSA Carousel,North Ave,Mid-Day,5,21.24,Heavy Rain,16.24
TRIP_343,LRT-1,R. Papa,Late Night,10,14.1,Heavy Rain,4.1
TRIP_344,MRT-3,Ayala,Late Night,5,4.68,Clear,-0.32
TRIP_345,LRT-2,Katipunan,Peak Morning,10,26.77,Clear,16.77
TRIP_346,MRT-3,Kamuning,Peak Evening,6,16.11,Heavy Rain,10.11
TRIP_347,LRT-2,Gilmore,Peak Morning,8,25.35,Heavy Rain,17.35
TRIP_348,LRT-1,Monumento,Late Night,10,8.8,Cloudy,-1.2
TRIP_349,LRT-2,Gilmore,Late Night,5,10.2,Cloudy,5.2
TRIP_350,MRT-3,Ayala,Late Night,6,9.68,Clear,3.68
TRIP_351,LRT-1,Fernando Poe Jr. (Roosevelt),Peak Morning,8,24.03,Heavy Rain,16.03
TRIP_352,LRT-1,Quirino,Peak Morning,7,20.94,Clear,13.94
TRIP_353,EDSA Carousel,BVA / City of Dreams,Peak Morning,5,12.82,Clear,7.82
TRIP_354,MRT-3,Magallanes,Mid-Day,6,8.45,Heavy Rain,2.45
TRIP_355,LRT-2,Gilmore,Mid-Day,9,13.43,Cloudy,4.43
TRIP_356,MRT-3,Magallanes,Peak Morning,7,18.66,Cloudy,11.66
TRIP_357,EDSA Carousel,Roxas Blvd,Peak Morning,7,20.44,Clear,13.44
TRIP_358,EDSA Carousel,Taft Ave,Peak Morning,8,23.25,Heavy Rain,15.25
TRIP_359,MRT-3,Taft Ave,Peak Morning,10,28.6,Heavy Rain,18.6
TRIP_360,LRT-2,Anonas,Peak Evening,5,14.89,Heavy Rain,9.89
TRIP_361,LRT-2,Marikina-Pasay,Peak Evening,7,20.49,Cloudy,13.49
TRIP_362,MRT-3,Boni,Peak Morning,9,23.28,Heavy Rain,14.28
TRIP_363,LRT-1,EDSA,Mid-Day,10,10.71,Clear,0.71
TRIP_364,EDSA Carousel,Macapagal/Aseana,Mid-Day,5,21.23,Heavy Rain,16.23
TRIP_365,EDSA Carousel,North Ave,Peak Morning,6,15.74,Clear,9.74
TRIP_366,LRT-2,pureza,Mid-Day,7,10.23,Cloudy,3.23
TRIP_367,LRT-1,Quirino,Mid-Day,8,11.36,Clear,3.36
TRIP_368,MRT-3,Santolan-Annapolis,Late Night,5,8.42,Heavy Rain,3.42
TRIP_369,EDSA Carousel,Bagong Barrio,Peak Evening,9,37.85,Heavy Rain,28.85
TRIP_370,EDSA Carousel,Tramo,Peak Morning,8,20.23,Clear,12.23
TRIP_371,MRT-3,Guadalupe,Late Night,6,8.55,Heavy Rain,2.55
TRIP_372,EDSA Carousel,PITX Terminal,Peak Morning,9,23.13,Cloudy,14.13
TRIP_373,LRT-1,Gil Puyat,Peak Evening,8,23.95,Cloudy,15.95
TRIP_374,MRT-3,Quezon Ave,Mid-Day,5,6.11,Cloudy,1.11
TRIP_375,EDSA Carousel,North Ave,Late Night,6,4.95,Clear,-1.05
TRIP_376,EDSA Carousel,Cubao-Magallanes,Peak Morning,6,20.12,Clear,14.12
TRIP_377,EDSA Carousel,Roxas Blvd,Mid-Day,10,12.55,Clear,2.55
TRIP_378,MRT-3,Shaw Blvd,Mid-Day,8,10.78,Heavy Rain,2.78
TRIP_379,MRT-3,Ayala,Late Night,5,4.91,Clear,-0.09
TRIP_380,LRT-2,Marikina-Pasay,Peak Morning,7,22.3,Heavy Rain,15.3
TRIP_381,EDSA Carousel,Santolan-Annapolis,Late Night,7,15.51,Heavy Rain,8.51
TRIP_382,MRT-3,Kamuning,Mid-Day,5,5.44,Cloudy,0.44
TRIP_383,EDSA Carousel,Kamuning,Peak Evening,8,21.6,Cloudy,13.6
TRIP_384,MRT-3,Shaw Blvd,Mid-Day,6,8.06,Clear,2.06
TRIP_385,LRT-2,Legarda,Mid-Day,8,23.55,Heavy Rain,15.55
TRIP_386,EDSA Carousel,SM North EDSA,Peak Evening,5,16.93,Clear,11.93
TRIP_387,EDSA Carousel,Philam,Peak Morning,8,26.29,Heavy Rain,18.29
TRIP_388,EDSA Carousel,Guadalupe,Late Night,5,10.58,Heavy Rain,5.58
TRIP_389,MRT-3,Ortigas,Mid-Day,10,9.64,Heavy Rain,-0.36
TRIP_390,LRT-2,Gilmore,Late Night,7,6.7,Heavy Rain,-0.3
TRIP_391,EDSA Carousel,Macapagal/Aseana,Late Night,8,25.71,Heavy Rain,17.71
TRIP_392,LRT-2,J. Ruiz,Peak Morning,8,20.85,Heavy Rain,12.85
TRIP_393,MRT-3,Boni,Peak Morning,6,20.9,Heavy Rain,14.9
TRIP_394,MRT-3,Magallanes,Mid-Day,9,10.35,Clear,1.35
TRIP_395,LRT-2,J. Ruiz,Peak Evening,7,18.84,Cloudy,11.84
TRIP_396,EDSA Carousel,Roxas Blvd,Peak Evening,6,16.01,Clear,10.01
TRIP_397,EDSA Carousel,Kennedy Road,Mid-Day,7,9.52,Cloudy,2.52
TRIP_398,MRT-3,North Ave,Late Night,5,8.62,Cloudy,3.62
TRIP_399,LRT-1,Dr. Santos,Peak Morning,8,22.39,Clear,14.39
TRIP_400,MRT-3,Boni,Mid-Day,7,9.64,Heavy Rain,2.64
TRIP_401,LRT-2,J. Ruiz,Peak Evening,6,18.47,Cloudy,12.47
TRIP_402,EDSA Carousel,CUBAO-MAGALLANES,Late Night,5,10.84,Heavy Rain,5.84
TRIP_403,LRT-1,Ninoy Aquino,Peak Evening,8,22.55,Cloudy,14.55
TRIP_404,LRT-1,Baclaran,Late Night,9,8.49,Clear,-0.51
TRIP_405,LRT-1,EDSA,Peak Morning,8,22.4,Cloudy,14.4
TRIP_406,MRT-3,Ayala,Late Night,5,8.23,Heavy Rain,3.23
TRIP_407,LRT-2,Katipunan,Peak Morning,7,20.25,Clear,13.25
TRIP_408,LRT-2,V. Mapa,Mid-Day,5,5.25,Clear,0.25
TRIP_409,LRT-2,Recto,Mid-Day,7,15.2,Heavy Rain,8.2
TRIP_410,MRT-3,Buendia,Mid-Day,9,10.95,Heavy Rain,1.95
TRIP_411,MRT-3,Shaw Blvd,Late Night,9,8.74,Cloudy,-0.26
TRIP_412,MRT-3,Guadalupe,Peak Morning,6,17.3,Cloudy,11.3
TRIP_413,EDSA Carousel,Ayala,Peak Morning,8,21.51,Clear,13.51
TRIP_414,MRT-3,Taft Ave,Peak Morning,6,17.39,Cloudy,11.39
TRIP_415,EDSA Carousel,North Ave,Mid-Day,8,9.56,Clear,1.56
TRIP_416,MRT-3,Quezon Ave,Late Night,7,6.52,Cloudy,-0.48
TRIP_417,LRT-1,Monumento,Mid-Day,7,9.69,Clear,2.69
TRIP_418,EDSA Carousel,Tramo,Peak Morning,10,42.02,Heavy Rain,32.02
TRIP_419,EDSA Carousel,Kennedy Road,Late Night,8,8.87,Clear,0.87
TRIP_420,MRT-3,Kamuning,Peak Evening,9,25.24,Cloudy,16.24
TRIP_421,EDSA Carousel,Quezon Ave,Peak Evening,5,14.39,Clear,9.39
TRIP_422,EDSA Carousel,cUBAO-mAGALLANES,Peak Morning,6,15.59,Cloudy,9.59
TRIP_423,MRT-3,Quezon Ave,Mid-Day,5,9.64,Cloudy,4.64
TRIP_424,MRT-3,Santolan-Annapolis,Peak Evening,8,22.94,Clear,14.94
TRIP_425,LRT-2,Katipunan,Peak Evening,5,17.0,Cloudy,12.0
TRIP_426,LRT-1,Redemptorist,Mid-Day,5,10.62,Cloudy,5.62
TRIP_427,MRT-3,Buendia,Peak Evening,6,16.25,Cloudy,10.25
TRIP_428,LRT-2,Betty Go-Belmonte,Peak Evening,7,20.49,Clear,13.49
TRIP_429,EDSA Carousel,North Ave,Mid-Day,10,10.54,Clear,0.54
TRIP_430,LRT-2,Anonas,Peak Morning,6,17.95,Heavy Rain,11.95
TRIP_431,LRT-1,Carriedo,Peak Morning,5,16.76,Heavy Rain,11.76
TRIP_432,EDSA Carousel,Ayala,Peak Morning,7,17.72,Cloudy,10.72
TRIP_433,MRT-3,Cubao,Peak Evening,5,16.39,Heavy Rain,11.39
TRIP_434,LRT-1,Monumento,Peak Morning,10,22.38,Heavy Rain,12.38
TRIP_435,EDSA Carousel,Roosevelt,Mid-Day,7,8.93,Cloudy,1.93
TRIP_436,LRT-1,EDSA,Mid-Day,7,11.13,Heavy Rain,4.13
TRIP_437,LRT-2,Gilmore,Peak Evening,8,23.66,Clear,15.66
TRIP_438,LRT-1,Bambang,Mid-Day,7,17.95,Heavy Rain,10.95
TRIP_439,EDSA Carousel,Taft Ave,Mid-Day,7,12.39,Cloudy,5.39
TRIP_440,MRT-3,North Ave,Peak Evening,9,31.77,Heavy Rain,22.77
TRIP_441,MRT-3,Cubao,Peak Morning,10,26.35,Clear,16.35
TRIP_442,EDSA Carousel,Kaingin Road,Peak Evening,7,18.43,Clear,11.43
TRIP_443,MRT-3,Cubao,Late Night,5,8.26,Heavy Rain,3.26
TRIP_444,LRT-2,Recto,Late Night,9,10.25,Clear,1.25
TRIP_445,LRT-2,Santolan,Peak Evening,10,28.85,Heavy Rain,18.85
TRIP_446,LRT-1,Fernando Poe Jr. (Roosevelt),Peak Morning,6,18.64,Cloudy,12.64
TRIP_447,EDSA Carousel,Tramo,Mid-Day,10,10.59,Clear,0.59
TRIP_448,EDSA Carousel,PITX Terminal,Peak Evening,8,35.81,Heavy Rain,27.81
TRIP_449,MRT-3,Ayala,Mid-Day,8,10.08,Clear,2.08
TRIP_450,LRT-2,Santolan,Late Night,9,9.01,Cloudy,0.01
TRIP_451,MRT-3,Guadalupe,Peak Morning,5,15.22,Heavy Rain,10.22
TRIP_452,LRT-2,Gilmore,Peak Morning,8,22.04,Clear,14.04
TRIP_453,MRT-3,Taft Ave,Peak Evening,8,22.15,Cloudy,14.15
TRIP_454,LRT-1,Balintawak,Peak Evening,6,15.59,Clear,9.59
TRIP_455,LRT-2,Santolan,Peak Morning,8,22.7,Clear,14.7
TRIP_456,LRT-2,Recto,Peak Evening,5,13.0,Clear,8.0
TRIP_457,EDSA Carousel,Taft Ave,Late Night,6,6.67,Cloudy,0.67
TRIP_458,LRT-2,Pureza,Peak Morning,7,24.05,Heavy Rain,17.05
TRIP_459,EDSA Carousel,Santolan-Annapolis,Peak Evening,5,14.13,Cloudy,9.13
TRIP_460,MRT-3,Santolan-Annapolis,Peak Morning,8,23.59,Heavy Rain,15.59
TRIP_461,MRT-3,Cubao,Peak Evening,5,21.94,Clear,16.94
TRIP_462,EDSA Carousel,PITX Terminal,Mid-Day,5,6.21,Clear,1.21
TRIP_463,MRT-3,Cubao,Late Night,5,6.5,Clear,1.5
TRIP_464,LRT-2,Cubao,Peak Morning,7,18.11,Cloudy,11.11
TRIP_465,LRT-1,R. Papa,Peak Evening,5,13.68,Cloudy,8.68
TRIP_466,LRT-1,MIA,Late Night,6,5.8,Cloudy,-0.2
TRIP_467,EDSA Carousel,North Ave,Mid-Day,7,7.74,Cloudy,0.74
TRIP_468,EDSA Carousel,Philam,Late Night,9,7.21,Cloudy,-1.79
TRIP_469,MRT-3,Magallanes,Late Night,6,8.42,Cloudy,2.42
TRIP_470,LRT-1,Gil Puyat,Peak Morning,9,22.79,Heavy Rain,13.79
TRIP_471,LRT-1,Monumento,Peak Evening,7,22.13,Heavy Rain,15.13
TRIP_472,LRT-2,Antipolo,Late Night,9,8.97,Cloudy,-0.03
TRIP_473,LRT-1,Fernando Poe Jr. (Roosevelt),Late Night,6,12.69,Heavy Rain,6.69
TRIP_474,EDSA Carousel,Main Avenue,Mid-Day,5,5.68,Cloudy,0.68
TRIP_475,LRT-1,Gil Puyat,Peak Morning,5,13.79,Heavy Rain,8.79
TRIP_476,MRT-3,Santolan-Annapolis,Late Night,10,12.8,Heavy Rain,2.8
TRIP_477,LRT-1,Tayuman,Peak Evening,8,21.66,Heavy Rain,13.66
TRIP_478,MRT-3,Buendia,Peak Morning,6,16.77,Clear,10.77
TRIP_479,LRT-1,Quirino,Peak Evening,9,29.18,Heavy Rain,20.18
TRIP_480,MRT-3,cubao,Late Night,6,7.37,Cloudy,1.37
TRIP_481,EDSA Carousel,Quezon Ave,Late Night,5,9.66,Clear,4.66
TRIP_482,MRT-3,North Ave,Late Night,10,8.08,Clear,-1.92
TRIP_483,EDSA Carousel,SM North EDSA,Peak Evening,10,27.19,Clear,17.19
TRIP_484,EDSA Carousel,Main Avenue,Peak Evening,7,17.74,Cloudy,10.74
TRIP_485,MRT-3,Kamuning,Peak Morning,9,29.92,Heavy Rain,20.92
TRIP_486,LRT-1,Fernando Poe Jr. (Roosevelt),Peak Evening,7,18.66,Clear,11.66
TRIP_487,LRT-2,Recto,Mid-Day,7,10.13,Heavy Rain,3.13
TRIP_488,LRT-1,R. Papa,Mid-Day,8,12.43,Cloudy,4.43
TRIP_489,LRT-2,Pureza,Late Night,8,9.01,Heavy Rain,1.01
TRIP_490,LRT-2,Antipolo,Late Night,8,11.03,Heavy Rain,3.03
TRIP_491,MRT-3,Ortigas,Mid-Day,8,11.42,Heavy Rain,3.42
TRIP_492,EDSA Carousel,Main Avenue,Mid-Day,5,5.36,Cloudy,0.36
TRIP_493,LRT-2,Recto,Peak Morning,7,23.92,Cloudy,16.92
TRIP_494,LRT-2,Gilmore,Peak Morning,8,23.2,Heavy Rain,15.2
TRIP_495,EDSA Carousel,Philam,Late Night,5,5.64,Clear,0.64
TRIP_496,EDSA Carousel,Tramo,Mid-Day,9,9.87,Cloudy,0.87
TRIP_497,LRT-1,EDSA,Peak Morning,5,13.85,Cloudy,8.85
TRIP_498,LRT-1,Bambang,Peak Morning,8,24.69,Heavy Rain,16.69
TRIP_499,LRT-2,Pureza,Mid-Day,8,11.11,Clear,3.11
TRIP_500,LRT-2,Santolan,Peak Evening,7,21.23,Clear,14.23
TRIP_501,LRT-1,Fernando Poe Jr. (Roosevelt),Late Night,7,8.8,Cloudy,1.8
TRIP_502,LRT-1,R. Papa,Mid-Day,8,15.41,Heavy Rain,7.41
TRIP_503,MRT-3,Santolan-Annapolis,Peak Morning,10,27.31,Heavy Rain,17.31
TRIP_504,LRT-2,Gilmore,Late Night,9,9.81,Heavy Rain,0.81
TRIP_505,LRT-1,Blumentritt,Peak Evening,9,24.97,Clear,15.97
TRIP_506,MRT-3,Cubao,Mid-Day,9,10.28,Cloudy,1.28
TRIP_507,MRT-3,Guadalupe,Peak Evening,9,25.92,Cloudy,16.92
TRIP_508,MRT-3,Taft Ave,Peak Morning,5,14.78,Heavy Rain,9.78
TRIP_509,LRT-1,5th Avenue,Peak Morning,8,21.36,Cloudy,13.36
TRIP_510,LRT-2,J. Ruiz,Mid-Day,10,11.94,Heavy Rain,1.94
TRIP_511,MRT-3,Buendia,Mid-Day,6,9.05,Cloudy,3.05
TRIP_512,MRT-3,Ortigas,Peak Morning,5,17.52,Heavy Rain,12.52
TRIP_513,MRT-3,Ortigas,Late Night,7,7.42,Cloudy,0.42
TRIP_514,EDSA Carousel,Taft Ave,Peak Morning,8,21.98,Clear,13.98
TRIP_515,MRT-3,Santolan-Annapolis,Peak Morning,5,16.96,Heavy Rain,11.96
TRIP_516,MRT-3,Taft Ave,Peak Morning,8,24.74,Heavy Rain,16.74
TRIP_517,MRT-3,Buendia,Late Night,8,13.2,Heavy Rain,5.2
TRIP_518,LRT-2,mARIKINA-pASAY,Mid-Day,7,11.95,Heavy Rain,4.95
TRIP_519,EDSA Carousel,Ayala,Peak Evening,5,13.76,Clear,8.76
TRIP_520,MRT-3,Taft Ave,Peak Morning,9,23.8,Cloudy,14.8
TRIP_521,EDSA Carousel,SM Mall of Asia,Mid-Day,5,9.03,Cloudy,4.03
TRIP_522,LRT-1,Baclaran,Late Night,10,8.8,Cloudy,-1.2
TRIP_523,EDSA Carousel,SM North EDSA,Mid-Day,10,30.54,Heavy Rain,20.54
TRIP_524,MRT-3,Shaw Blvd,Late Night,8,16.98,Heavy Rain,8.98
TRIP_525,LRT-1,5th Avenue,Peak Evening,6,19.23,Heavy Rain,13.23
TRIP_526,LRT-1,Vito Cruz,Peak Morning,10,32.75,Cloudy,22.75
TRIP_527,LRT-2,Antipolo,Mid-Day,8,11.04,Clear,3.04
TRIP_528,EDSA Carousel,Cubao-Magallanes,Mid-Day,9,12.7,Heavy Rain,3.7
TRIP_529,MRT-3,Ayala,Late Night,10,14.63,Heavy Rain,4.63
TRIP_530,MRT-3,Ayala,Late Night,6,10.28,Heavy Rain,4.28
TRIP_531,LRT-2,J. Ruiz,Late Night,7,7.95,Cloudy,0.95
TRIP_532,MRT-3,Quezon Ave,Peak Morning,6,20.36,Clear,14.36
TRIP_533,EDSA Carousel,Tramo,Peak Evening,7,18.13,Clear,11.13
TRIP_534,LRT-1,Dr. Santos,Mid-Day,6,7.96,Cloudy,1.96
TRIP_535,EDSA Carousel,Ayala,Peak Morning,8,23.37,Clear,15.37
TRIP_536,LRT-1,5th Avenue,Mid-Day,10,10.62,Cloudy,0.62
TRIP_537,MRT-3,Cubao,Late Night,9,8.48,Cloudy,-0.52
TRIP_538,LRT-2,Cubao,Late Night,9,11.73,Heavy Rain,2.73
TRIP_539,LRT-1,Ninoy Aquino,Peak Evening,8,22.32,Clear,14.32
TRIP_540,MRT-3,Santolan-Annapolis,Peak Morning,5,26.17,Heavy Rain,21.17
TRIP_541,LRT-2,J. Ruiz,Peak Evening,5,13.73,Heavy Rain,8.73
TRIP_542,EDSA Carousel,Ortigas,Mid-Day,9,27.2,Heavy Rain,18.2
TRIP_543,MRT-3,Santolan-Annapolis,Peak Evening,7,19.13,Clear,12.13
TRIP_544,LRT-2,Anonas,Mid-Day,9,13.2,Cloudy,4.2
TRIP_545,EDSA Carousel,SM North EDSA,Mid-Day,10,14.85,Cloudy,4.85
TRIP_546,LRT-1,Tayuman,Mid-Day,8,11.03,Cloudy,3.03
TRIP_547,MRT-3,Taft Ave,Mid-Day,8,8.59,Clear,0.59
TRIP_548,EDSA Carousel,Bagong Barrio,Peak Evening,9,36.86,Heavy Rain,27.86
TRIP_549,LRT-1,REDEMPTORIST,Peak Morning,8,23.77,Clear,15.77
TRIP_550,LRT-2,Legarda,Peak Evening,9,23.69,Clear,14.69
TRIP_551,LRT-2,Santolan,Mid-Day,7,8.07,Clear,1.07
TRIP_552,MRT-3,Magallanes,Mid-Day,10,13.08,Clear,3.08
TRIP_553,LRT-1,Dr. Santos,Peak Evening,7,19.11,Cloudy,12.11
TRIP_554,MRT-3,Ortigas,Peak Evening,9,32.89,Heavy Rain,23.89
TRIP_555,LRT-1,Asia World,Peak Morning,10,27.04,Heavy Rain,17.04
TRIP_556,LRT-2,Pureza,Peak Evening,7,19.17,Clear,12.17
TRIP_557,EDSA Carousel,Buendia,Peak Evening,6,16.19,Clear,10.19
TRIP_558,LRT-2,Legarda,Peak Evening,9,21.23,Clear,12.23
TRIP_559,MRT-3,Quezon Ave,Peak Evening,6,15.87,Clear,9.87
TRIP_560,MRT-3,Cubao,Peak Morning,10,28.31,Heavy Rain,18.31
TRIP_561,MRT-3,Kamuning,Mid-Day,9,9.95,Cloudy,0.95
TRIP_562,MRT-3,Santolan-Annapolis,Mid-Day,5,5.47,Cloudy,0.47
TRIP_563,EDSA Carousel,North Ave,Peak Morning,7,21.24,Cloudy,14.24
TRIP_564,LRT-1,Balintawak,Peak Morning,7,19.88,Cloudy,12.88
TRIP_565,LRT-1,Blumentritt,Mid-Day,9,20.3,Heavy Rain,11.3
TRIP_566,EDSA Carousel,SM North EDSA,Mid-Day,9,19.41,Heavy Rain,10.41
TRIP_567,LRT-2,Antipolo,Late Night,6,5.54,Clear,-0.46
TRIP_568,MRT-3,Shaw Blvd,Peak Morning,5,16.09,Heavy Rain,11.09
TRIP_569,LRT-1,R. Papa,Late Night,9,10.69,Cloudy,1.69
TRIP_570,EDSA Carousel,Monumento Terminal,Mid-Day,10,13.73,Clear,3.73
TRIP_571,EDSA Carousel,Kamuning,Mid-Day,8,13.03,Clear,5.03
TRIP_572,LRT-1,Monumento,Late Night,5,5.78,Clear,0.78
TRIP_573,MRT-3,Ortigas,Peak Evening,7,21.31,Clear,14.31
TRIP_574,MRT-3,North Ave,Peak Morning,10,24.16,Heavy Rain,14.16
TRIP_575,LRT-1,Fernando Poe Jr. (Roosevelt),Mid-Day,7,10.12,Heavy Rain,3.12
TRIP_576,MRT-3,Santolan-Annapolis,Peak Morning,6,24.16,Heavy Rain,18.16
TRIP_577,LRT-2,Marikina-Pasay,Peak Morning,6,15.25,Cloudy,9.25
TRIP_578,MRT-3,Ayala,Late Night,9,9.99,Cloudy,0.99
TRIP_579,LRT-1,UN Avenue,Peak Morning,8,23.01,Heavy Rain,15.01
TRIP_580,EDSA Carousel,Taft Ave,Mid-Day,7,34.28,Heavy Rain,27.28
TRIP_581,LRT-1,5th Avenue,Peak Morning,7,18.95,Cloudy,11.95
TRIP_582,LRT-1,Balintawak,Mid-Day,9,16.38,Heavy Rain,7.38
TRIP_583,LRT-2,Anonas,Late Night,8,9.01,Heavy Rain,1.01
TRIP_584,LRT-1,Doroteo Jose,Mid-Day,5,10.23,Heavy Rain,5.23
TRIP_585,LRT-2,Santolan,Mid-Day,10,11.43,Clear,1.43
TRIP_586,LRT-2,Anonas,Late Night,9,9.88,Cloudy,0.88
TRIP_587,MRT-3,Ayala,Peak Morning,10,29.41,Cloudy,19.41
TRIP_588,MRT-3,Cubao,Peak Evening,10,29.68,Clear,19.68
TRIP_589,LRT-1,Monumento,Mid-Day,8,12.59,Heavy Rain,4.59
TRIP_590,MRT-3,Guadalupe,Peak Evening,9,24.22,Heavy Rain,15.22
TRIP_591,LRT-1,Blumentritt,Mid-Day,9,15.73,Clear,6.73
TRIP_592,LRT-1,Ninoy Aquino,Mid-Day,6,8.2,Cloudy,2.2
TRIP_593,LRT-2,Anonas,Mid-Day,8,10.29,Heavy Rain,2.29
TRIP_594,EDSA Carousel,Roosevelt,Mid-Day,9,9.05,Clear,0.05
TRIP_595,EDSA Carousel,BVA / City of Dreams,Peak Evening,7,18.94,Clear,11.94
TRIP_596,MRT-3,Buendia,Peak Morning,10,30.89,Heavy Rain,20.89
TRIP_597,MRT-3,Cubao,Mid-Day,7,9.64,Cloudy,2.64
TRIP_598,MRT-3,Shaw Blvd,Mid-Day,9,9.6,Cloudy,0.6
TRIP_599,LRT-1,Fernando Poe Jr. (Roosevelt),Peak Evening,9,24.03,Clear,15.03
TRIP_600,LRT-2,Pureza,Late Night,9,7.56,Cloudy,-1.44
TRIP_601,EDSA Carousel,Guadalupe,Peak Evening,8,21.91,Cloudy,13.91
TRIP_602,EDSA Carousel,Santolan-Annapolis,Late Night,9,10.84,Clear,1.84
TRIP_603,MRT-3,North Ave,Mid-Day,9,11.49,Cloudy,2.49
TRIP_604,LRT-1,Gil Puyat,Peak Morning,5,12.59,Cloudy,7.59
TRIP_605,MRT-3,Cubao,Late Night,6,6.79,Cloudy,0.79
TRIP_606,EDSA Carousel,Ortigas,Peak Morning,6,15.67,Clear,9.67
TRIP_607,LRT-1,Vito Cruz,Peak Morning,5,17.15,Cloudy,12.15
TRIP_608,LRT-2,Marikina-Pasay,Peak Morning,8,27.64,Clear,19.64
TRIP_609,LRT-1,UN Avenue,Peak Morning,10,25.95,Cloudy,15.95
TRIP_610,LRT-1,Asia World,Peak Evening,7,18.88,Clear,11.88
TRIP_611,LRT-2,Antipolo,Mid-Day,6,7.57,Heavy Rain,1.57
TRIP_612,MRT-3,Ayala,Peak Morning,5,13.77,Clear,8.77
TRIP_613,LRT-1,Fernando Poe Jr. (Roosevelt),Peak Morning,8,20.76,Clear,12.76
TRIP_614,LRT-2,Katipunan,Peak Morning,10,29.37,Clear,19.37
TRIP_615,EDSA Carousel,sm mALL OF aSIA,Late Night,9,11.09,Cloudy,2.09
TRIP_616,MRT-3,Ayala,Peak Morning,7,21.58,Clear,14.58
TRIP_617,MRT-3,Guadalupe,Peak Evening,8,26.73,Heavy Rain,18.73
TRIP_618,LRT-2,Recto,Mid-Day,6,6.03,Cloudy,0.03
TRIP_619,MRT-3,Cubao,Late Night,5,5.41,Cloudy,0.41
TRIP_620,MRT-3,Buendia,Peak Morning,10,25.53,Clear,15.53
TRIP_621,LRT-1,Tayuman,Peak Evening,5,15.16,Cloudy,10.16
TRIP_622,MRT-3,Quezon Ave,Peak Evening,7,17.62,Clear,10.62
TRIP_623,EDSA Carousel,Cubao-Magallanes,Mid-Day,10,10.34,Clear,0.34
TRIP_624,LRT-1,Tayuman,Peak Morning,10,29.66,Heavy Rain,19.66
TRIP_625,MRT-3,Kamuning,Peak Evening,7,19.74,Heavy Rain,12.74
TRIP_626,EDSA Carousel,Macapagal/Aseana,Mid-Day,10,26.56,Heavy Rain,16.56
TRIP_627,LRT-1,Monumento,Late Night,5,6.22,Clear,1.22
TRIP_628,LRT-2,V. Mapa,Mid-Day,6,6.08,Clear,0.08
TRIP_629,LRT-2,Antipolo,Late Night,9,8.95,Heavy Rain,-0.05
TRIP_630,EDSA Carousel,Tramo,Mid-Day,6,7.84,Clear,1.84
TRIP_631,MRT-3,Boni,Peak Morning,6,17.31,Heavy Rain,11.31
TRIP_632,LRT-2,Cubao,Mid-Day,8,10.3,Heavy Rain,2.3
TRIP_633,EDSA Carousel,Ayala,Peak Morning,10,34.45,Heavy Rain,24.45
TRIP_634,EDSA Carousel,Roxas Blvd,Peak Morning,9,24.32,Clear,15.32
TRIP_635,EDSA Carousel,Monumento Terminal,Mid-Day,10,11.23,Cloudy,1.23
TRIP_636,MRT-3,North Ave,Peak Evening,8,21.94,Cloudy,13.94
TRIP_637,LRT-2,Betty Go-Belmonte,Late Night,5,5.86,Cloudy,0.86
TRIP_638,LRT-1,Balintawak,Mid-Day,10,11.57,Clear,1.57
TRIP_639,MRT-3,Cubao,Peak Morning,8,25.24,Heavy Rain,17.24
TRIP_640,MRT-3,Kamuning,Peak Morning,8,26.09,Heavy Rain,18.09
TRIP_641,EDSA Carousel,Philam,Late Night,7,22.98,Heavy Rain,15.98
TRIP_642,MRT-3,Taft Ave,Peak Evening,10,26.82,Clear,16.82
TRIP_643,EDSA Carousel,Tramo,Peak Evening,5,21.03,Heavy Rain,16.03
TRIP_644,MRT-3,Shaw Blvd,Mid-Day,6,7.32,Cloudy,1.32
TRIP_645,LRT-1,Baclaran,Peak Evening,5,21.31,Cloudy,16.31
TRIP_646,LRT-1,Abad Santos,Peak Morning,10,31.86,Heavy Rain,21.86
TRIP_647,MRT-3,Buendia,Mid-Day,5,12.77,Heavy Rain,7.77
TRIP_648,LRT-2,Marikina-Pasay,Peak Evening,5,21.23,Clear,16.23
TRIP_649,MRT-3,Cubao,Late Night,5,8.42,Clear,3.42
TRIP_650,MRT-3,Quezon Ave,Peak Evening,8,22.06,Heavy Rain,14.06
TRIP_651,EDSA Carousel,MONUMENTO TERMINAL,Mid-Day,7,7.31,Cloudy,0.31
TRIP_652,LRT-2,J. Ruiz,Peak Morning,9,27.09,Cloudy,18.09
TRIP_653,LRT-2,Legarda,Mid-Day,6,6.91,Clear,0.91
TRIP_654,LRT-1,MIA,Peak Evening,5,14.65,Heavy Rain,9.65
TRIP_655,EDSA Carousel,Guadalupe,Peak Morning,10,36.32,Heavy Rain,26.32
TRIP_656,MRT-3,Magallanes,Late Night,5,15.6,Heavy Rain,10.6
TRIP_657,LRT-2,Cubao,Mid-Day,5,12.64,Clear,7.64
TRIP_658,LRT-2,Antipolo,Peak Evening,7,20.38,Heavy Rain,13.38
TRIP_659,LRT-2,Gilmore,Late Night,10,10.19,Clear,0.19
TRIP_660,LRT-1,Pedro Gil,Mid-Day,8,8.19,Cloudy,0.19
TRIP_661,MRT-3,Ayala,Late Night,5,4.84,Clear,-0.16
TRIP_662,EDSA Carousel,SM Mall of Asia,Peak Morning,9,24.87,Cloudy,15.87
TRIP_663,MRT-3,Cubao,Mid-Day,10,13.52,Clear,3.52
TRIP_664,LRT-1,Ninoy Aquino,Mid-Day,5,9.02,Clear,4.02
TRIP_665,EDSA Carousel,Quezon Ave,Peak Evening,9,23.25,Cloudy,14.25
TRIP_666,MRT-3,Cubao,Peak Evening,8,24.02,Clear,16.02
TRIP_667,MRT-3,Shaw Blvd,Late Night,9,8.15,Heavy Rain,-0.85
TRIP_668,MRT-3,Ortigas,Peak Morning,7,25.39,Heavy Rain,18.39
TRIP_669,LRT-2,Legarda,Peak Evening,7,19.5,Clear,12.5
TRIP_670,EDSA Carousel,Buendia,Mid-Day,8,14.54,Heavy Rain,6.54
TRIP_671,EDSA Carousel,Buendia,Late Night,5,7.36,Clear,2.36
TRIP_672,EDSA Carousel,Tramo,Late Night,9,22.59,Heavy Rain,13.59
TRIP_673,LRT-2,Santolan,Mid-Day,6,8.74,Clear,2.74
TRIP_674,LRT-2,Katipunan,Mid-Day,9,11.07,Heavy Rain,2.07
TRIP_675,LRT-1,R. Papa,Mid-Day,8,12.64,Heavy Rain,4.64
TRIP_676,MRT-3,Kamuning,Late Night,6,8.42,Heavy Rain,2.42
TRIP_677,LRT-2,Recto,Mid-Day,5,10.3,Heavy Rain,5.3
TRIP_678,LRT-2,V. Mapa,Peak Morning,7,23.53,Heavy Rain,16.53
TRIP_679,EDSA Carousel,Kamuning,Mid-Day,10,19.65,Heavy Rain,9.65
TRIP_680,LRT-2,Legarda,Peak Morning,10,22.7,Clear,12.7
TRIP_681,EDSA Carousel,Ayala,Mid-Day,8,16.7,Heavy Rain,8.7
TRIP_682,LRT-1,Doroteo Jose,Mid-Day,6,10.62,Heavy Rain,4.62
TRIP_683,MRT-3,Buendia,Late Night,7,6.42,Cloudy,-0.58
TRIP_684,LRT-1,Gil Puyat,Peak Evening,9,26.73,Heavy Rain,17.73
TRIP_685,LRT-2,Betty Go-Belmonte,Peak Evening,6,18.0,Cloudy,12.0
TRIP_686,EDSA Carousel,Nepa Q. Mart,Mid-Day,6,8.23,Cloudy,2.23
TRIP_687,EDSA Carousel,Taft Ave,Peak Evening,7,29.8,Heavy Rain,22.8
TRIP_688,LRT-1,MIA,Peak Evening,6,17.0,Cloudy,11.0
TRIP_689,EDSA Carousel,Bagong Barrio,Peak Evening,7,20.56,Cloudy,13.56
TRIP_690,MRT-3,Ortigas,Mid-Day,5,5.24,Cloudy,0.24
TRIP_691,LRT-2,Santolan,Mid-Day,9,9.47,Clear,0.47
TRIP_692,EDSA Carousel,Monumento Terminal,Peak Evening,10,47.07,Heavy Rain,37.07
TRIP_693,LRT-1,MIA,Peak Morning,6,16.7,Clear,10.7
TRIP_694,EDSA Carousel,Buendia,Peak Morning,8,28.34,Heavy Rain,20.34
TRIP_695,EDSA Carousel,Ortigas,Late Night,5,21.93,Heavy Rain,16.93
TRIP_696,LRT-2,Marikina-Pasay,Peak Evening,6,15.33,Clear,9.33
TRIP_697,LRT-1,Balintawak,Peak Evening,9,22.85,Clear,13.85
TRIP_698,LRT-1,MIA,Late Night,5,7.06,Heavy Rain,2.06
TRIP_699,LRT-1,Redemptorist,Late Night,8,9.43,Heavy Rain,1.43
TRIP_700,MRT-3,Shaw Blvd,Peak Morning,10,31.35,Clear,21.35
TRIP_701,LRT-1,Gil Puyat,Peak Evening,6,15.86,Cloudy,9.86
TRIP_702,MRT-3,Taft Ave,Late Night,8,8.84,Clear,0.84
TRIP_703,MRT-3,Ayala,Peak Evening,7,23.08,Clear,16.08
TRIP_704,MRT-3,Cubao,Late Night,7,13.92,Heavy Rain,6.92
TRIP_705,LRT-2,Cubao,Late Night,8,7.09,Cloudy,-0.91
TRIP_706,LRT-1,Monumento,Late Night,7,11.36,Heavy Rain,4.36
TRIP_707,MRT-3,Ayala,Peak Morning,6,16.03,Cloudy,10.03
TRIP_708,LRT-2,Cubao,Late Night,7,9.01,Cloudy,2.01
TRIP_709,LRT-1,Pedro Gil,Late Night,10,9.88,Clear,-0.12
TRIP_710,LRT-2,Cubao,Mid-Day,6,8.88,Heavy Rain,2.88
TRIP_711,LRT-1,MIA,Peak Morning,8,21.59,Clear,13.59
TRIP_712,MRT-3,Kamuning,Peak Morning,7,24.2,Heavy Rain,17.2
TRIP_713,LRT-2,V. Mapa,Peak Evening,10,29.35,Heavy Rain,19.35
TRIP_714,LRT-1,Fernando Poe Jr. (Roosevelt),Peak Morning,6,19.17,Clear,13.17
TRIP_715,LRT-2,Gilmore,Mid-Day,10,10.47,Clear,0.47
TRIP_716,LRT-1,Ninoy Aquino,Peak Evening,7,18.84,Heavy Rain,11.84
TRIP_717,LRT-2,Legarda,Mid-Day,7,7.68,Heavy Rain,0.68
TRIP_718,EDSA Carousel,Monumento Terminal,Peak Evening,9,23.87,Clear,14.87
TRIP_719,LRT-1,Dr. Santos,Peak Morning,10,22.38,Clear,12.38
TRIP_720,LRT-1,Monumento,Mid-Day,8,10.62,Clear,2.62
TRIP_721,LRT-2,Betty Go-Belmonte,Peak Morning,9,23.21,Clear,14.21
TRIP_722,EDSA Carousel,Kaingin Road,Late Night,10,13.71,Clear,3.71
TRIP_723,LRT-1,MIA,Mid-Day,8,13.0,Heavy Rain,5.0
TRIP_724,LRT-1,Redemptorist,Mid-Day,7,12.35,Clear,5.35
TRIP_725,EDSA Carousel,Ortigas,Peak Morning,9,23.59,Cloudy,14.59
TRIP_726,LRT-2,Marikina-Pasay,Late Night,7,11.54,Clear,4.54
TRIP_727,MRT-3,Boni,Mid-Day,5,5.7,Clear,0.7
TRIP_728,LRT-1,MIA,Peak Evening,6,16.42,Heavy Rain,10.42
TRIP_729,LRT-2,Gilmore,Mid-Day,10,10.08,Cloudy,0.08
TRIP_730,MRT-3,Quezon Ave,Peak Evening,7,18.47,Cloudy,11.47
TRIP_731,LRT-1,EDSA,Peak Morning,6,22.39,Heavy Rain,16.39
TRIP_732,EDSA Carousel,BVA / City of Dreams,Peak Morning,5,14.99,Cloudy,9.99
TRIP_733,MRT-3,Taft Ave,Mid-Day,8,11.38,Clear,3.38
TRIP_734,LRT-1,EDSA,Peak Evening,6,18.89,Clear,12.89
TRIP_735,MRT-3,Boni,Mid-Day,9,14.14,Heavy Rain,5.14
TRIP_736,LRT-1,Balintawak,Mid-Day,5,6.95,Cloudy,1.95
TRIP_737,LRT-2,Marikina-Pasay,Late Night,8,10.95,Heavy Rain,2.95
TRIP_738,LRT-2,Katipunan,Late Night,7,13.17,Cloudy,6.17
TRIP_739,LRT-2,Santolan,Late Night,10,8.06,Cloudy,-1.94
TRIP_740,LRT-2,Antipolo,Peak Morning,10,22.7,Heavy Rain,12.7
TRIP_741,MRT-3,Quezon Ave,Peak Evening,8,22.81,Cloudy,14.81
TRIP_742,MRT-3,Taft Ave,Late Night,6,6.34,Cloudy,0.34
TRIP_743,LRT-2,V. Mapa,Peak Morning,8,22.8,Clear,14.8
TRIP_744,LRT-1,EDSA,Mid-Day,7,11.08,Clear,4.08
TRIP_745,EDSA Carousel,Kaingin Road,Peak Evening,7,23.05,Cloudy,16.05
TRIP_746,EDSA Carousel,Kennedy Road,Late Night,7,14.18,Heavy Rain,7.18
TRIP_747,LRT-1,Doroteo Jose,Peak Evening,6,18.84,Clear,12.84
TRIP_748,LRT-1,Redemptorist,Peak Morning,8,22.38,Heavy Rain,14.38
TRIP_749,LRT-1,Doroteo Jose,Late Night,6,7.57,Heavy Rain,1.57
TRIP_750,EDSA Carousel,Guadalupe,Peak Evening,10,40.61,Heavy Rain,30.61
TRIP_751,LRT-2,Katipunan,Late Night,5,9.54,Clear,4.54
TRIP_752,LRT-1,Bambang,Mid-Day,9,10.61,Cloudy,1.61
TRIP_753,LRT-2,Gilmore,Peak Evening,5,13.37,Cloudy,8.37
TRIP_754,LRT-1,Balintawak,Late Night,5,8.3,Heavy Rain,3.3
TRIP_755,LRT-2,J. Ruiz,Peak Evening,7,19.03,Clear,12.03
TRIP_756,LRT-1,Fernando Poe Jr. (Roosevelt),Peak Evening,5,21.31,Heavy Rain,16.31
TRIP_757,LRT-2,Santolan,Late Night,9,7.84,Cloudy,-1.16
TRIP_758,MRT-3,kAMUNING,Mid-Day,7,12.33,Heavy Rain,5.33
TRIP_759,EDSA Carousel,Roxas Blvd,Peak Evening,7,21.32,Heavy Rain,14.32
TRIP_760,EDSA Carousel,SM Mall of Asia,Peak Morning,8,22.2,Cloudy,14.2
TRIP_761,MRT-3,Kamuning,Late Night,6,6.96,Clear,0.96
TRIP_762,LRT-1,R. Papa,Peak Morning,8,21.79,Clear,13.79
TRIP_763,EDSA Carousel,Balintawak,Peak Evening,9,23.63,Clear,14.63
TRIP_764,LRT-2,pureza,Late Night,9,8.19,Clear,-0.81
TRIP_765,EDSA Carousel,Roosevelt,Peak Evening,10,31.59,Clear,21.59
TRIP_766,EDSA Carousel,Bagong Barrio,Late Night,6,15.98,Cloudy,9.98
TRIP_767,MRT-3,Quezon Ave,Peak Evening,6,21.94,Heavy Rain,15.94
TRIP_768,LRT-2,Katipunan,Peak Evening,8,21.33,Clear,13.33
TRIP_769,LRT-2,Legarda,Mid-Day,6,11.25,Heavy Rain,5.25
TRIP_770,EDSA Carousel,Macapagal/Aseana,Peak Evening,7,17.8,Cloudy,10.8
TRIP_771,LRT-2,Santolan,Late Night,7,7.04,Clear,0.04
TRIP_772,MRT-3,Buendia,Peak Evening,10,27.71,Cloudy,17.71
TRIP_773,LRT-2,Legarda,Peak Morning,7,19.43,Heavy Rain,12.43
TRIP_774,LRT-1,MIA,Mid-Day,5,6.89,Cloudy,1.89
TRIP_775,MRT-3,Shaw Blvd,Late Night,10,10.79,Heavy Rain,0.79
TRIP_776,EDSA Carousel,Guadalupe,Late Night,8,17.72,Heavy Rain,9.72
TRIP_777,LRT-2,Betty Go-Belmonte,Peak Morning,7,18.26,Cloudy,11.26
TRIP_778,LRT-1,Blumentritt,Peak Evening,7,20.93,Heavy Rain,13.93
TRIP_779,LRT-2,Katipunan,Peak Evening,5,17.98,Heavy Rain,12.98
TRIP_780,LRT-1,Tayuman,Mid-Day,5,8.79,Heavy Rain,3.79
TRIP_781,EDSA Carousel,Santolan-Annapolis,Peak Evening,7,18.57,Clear,11.57
TRIP_782,LRT-1,Libertad,Late Night,9,11.77,Cloudy,2.77
TRIP_783,MRT-3,Quezon Ave,Peak Morning,9,25.27,Heavy Rain,16.27
TRIP_784,LRT-2,Cubao,Mid-Day,5,6.6,Heavy Rain,1.6
TRIP_785,LRT-2,Recto,Late Night,9,7.85,Clear,-1.15
TRIP_786,MRT-3,Quezon Ave,Peak Morning,8,29.34,Heavy Rain,21.34
TRIP_787,MRT-3,Ortigas,Late Night,10,24.36,Heavy Rain,14.36
TRIP_788,MRT-3,Santolan-Annapolis,Mid-Day,10,13.6,Heavy Rain,3.6
TRIP_789,MRT-3,Ortigas,Late Night,8,7.22,Clear,-0.78
TRIP_790,MRT-3,Santolan-Annapolis,Peak Morning,5,13.0,Clear,8.0
TRIP_791,MRT-3,Cubao,Peak Morning,5,15.8,Cloudy,10.8
TRIP_792,LRT-2,Anonas,Peak Evening,8,23.26,Heavy Rain,15.26
TRIP_793,MRT-3,Ortigas,Peak Morning,10,28.81,Clear,18.81
TRIP_794,LRT-1,Quirino,Mid-Day,8,8.68,Clear,0.68
TRIP_795,LRT-1,Blumentritt,Peak Evening,10,29.02,Cloudy,19.02
TRIP_796,EDSA Carousel,Roosevelt,Peak Evening,5,16.45,Cloudy,11.45
TRIP_797,MRT-3,Guadalupe,Mid-Day,5,6.69,Clear,1.69
TRIP_798,LRT-2,Betty Go-Belmonte,Late Night,9,17.15,Heavy Rain,8.15
TRIP_799,LRT-1,Pedro Gil,Late Night,8,10.07,Clear,2.07
TRIP_800,LRT-2,Antipolo,Peak Evening,7,21.27,Heavy Rain,14.27
TRIP_801,EDSA Carousel,Kaingin Road,Peak Morning,9,28.19,Clear,19.19
TRIP_802,LRT-2,Gilmore,Peak Evening,9,22.84,Cloudy,13.84
TRIP_803,MRT-3,North Ave,Mid-Day,10,14.5,Clear,4.5
TRIP_804,MRT-3,Buendia,Peak Morning,9,23.26,Clear,14.26
TRIP_805,MRT-3,Quezon Ave,Mid-Day,8,9.81,Clear,1.81
TRIP_806,LRT-2,Katipunan,Peak Morning,7,25.04,Heavy Rain,18.04
TRIP_807,EDSA Carousel,SM Mall of Asia,Late Night,10,9.94,Cloudy,-0.06
TRIP_808,MRT-3,Buendia,Peak Evening,6,21.27,Heavy Rain,15.27
TRIP_809,MRT-3,Guadalupe,Mid-Day,6,12.88,Cloudy,6.88
TRIP_810,LRT-1,Libertad,Peak Evening,8,25.43,Clear,17.43
TRIP_811,LRT-2,Anonas,Peak Morning,8,26.26,Heavy Rain,18.26
TRIP_812,EDSA Carousel,Roxas Blvd,Peak Morning,7,24.84,Cloudy,17.84
TRIP_813,EDSA Carousel,Kaingin Road,Peak Morning,9,23.68,Cloudy,14.68
TRIP_814,EDSA Carousel,PITX Terminal,Late Night,9,7.41,Cloudy,-1.59
TRIP_815,EDSA Carousel,Balintawak,Late Night,7,12.6,Clear,5.6
TRIP_816,LRT-2,Legarda,Peak Morning,7,19.68,Cloudy,12.68
TRIP_817,LRT-1,Blumentritt,Peak Evening,10,30.07,Clear,20.07
TRIP_818,EDSA Carousel,Quezon Ave,Peak Evening,5,14.65,Cloudy,9.65
TRIP_819,LRT-2,Katipunan,Late Night,5,4.6,Clear,-0.4
TRIP_820,LRT-1,Quirino,Peak Morning,9,22.96,Cloudy,13.96
TRIP_821,LRT-1,Quirino,Late Night,5,5.07,Cloudy,0.07
TRIP_822,MRT-3,Cubao,Late Night,9,7.9,Clear,-1.1
TRIP_823,EDSA Carousel,North Ave,Peak Evening,7,22.3,Clear,15.3
TRIP_824,LRT-1,Bambang,Peak Evening,6,16.11,Cloudy,10.11
TRIP_825,MRT-3,Kamuning,Mid-Day,5,8.44,Heavy Rain,3.44
TRIP_826,MRT-3,Kamuning,Late Night,10,11.03,Cloudy,1.03
TRIP_827,EDSA Carousel,Kamuning,Mid-Day,6,9.98,Clear,3.98
TRIP_828,LRT-1,UN Avenue,Late Night,10,8.38,Clear,-1.62
TRIP_829,LRT-1,Gil Puyat,Peak Evening,9,34.35,Cloudy,25.35
TRIP_830,EDSA Carousel,BVA / City of Dreams,Peak Evening,7,19.76,Clear,12.76
TRIP_831,LRT-1,Baclaran,Late Night,9,7.36,Clear,-1.64
TRIP_832,EDSA Carousel,Quezon Ave,Peak Morning,9,23.25,Clear,14.25
TRIP_833,LRT-1,Baclaran,Peak Morning,7,21.66,Clear,14.66
TRIP_834,LRT-1,Monumento,Peak Evening,6,16.18,Clear,10.18
TRIP_835,MRT-3,Magallanes,Peak Evening,6,15.7,Cloudy,9.7
TRIP_836,MRT-3,Santolan-Annapolis,Peak Evening,6,23.48,Heavy Rain,17.48
TRIP_837,MRT-3,Taft Ave,Mid-Day,6,11.33,Clear,5.33
TRIP_838,MRT-3,Shaw Blvd,Mid-Day,6,9.64,Heavy Rain,3.64
TRIP_839,EDSA Carousel,Balintawak,Mid-Day,10,10.25,Clear,0.25
TRIP_840,EDSA Carousel,Buendia,Peak Morning,6,16.42,Clear,10.42
TRIP_841,LRT-1,Abad Santos,Peak Morning,7,28.46,Heavy Rain,21.46
TRIP_842,EDSA Carousel,Ortigas,Peak Morning,9,25.39,Clear,16.39
TRIP_843,EDSA Carousel,Santolan-Annapolis,Mid-Day,6,11.12,Cloudy,5.12
TRIP_844,EDSA Carousel,Kaingin Road,Late Night,7,6.8,Clear,-0.2
TRIP_845,EDSA Carousel,Monumento Terminal,Peak Morning,9,24.25,Cloudy,15.25
TRIP_846,LRT-1,Balintawak,Peak Evening,5,13.89,Cloudy,8.89
TRIP_847,EDSA Carousel,Nepa Q. Mart,Mid-Day,8,15.39,Heavy Rain,7.39
TRIP_848,LRT-1,Libertad,Mid-Day,8,9.49,Clear,1.49
TRIP_849,LRT-2,Santolan,Peak Morning,7,22.7,Heavy Rain,15.7
TRIP_850,LRT-1,Gil Puyat,Mid-Day,8,11.32,Clear,3.32
TRIP_851,MRT-3,Guadalupe,Peak Morning,9,24.57,Cloudy,15.57
TRIP_852,MRT-3,Shaw Blvd,Peak Morning,5,17.63,Heavy Rain,12.63
TRIP_853,MRT-3,Shaw Blvd,Mid-Day,5,5.65,Clear,0.65
TRIP_854,LRT-2,Pureza,Peak Evening,9,24.11,Clear,15.11
TRIP_855,MRT-3,Shaw Blvd,Late Night,8,11.22,Cloudy,3.22
TRIP_856,MRT-3,North Ave,Late Night,5,9.71,Heavy Rain,4.71
TRIP_857,LRT-1,Balintawak,Peak Evening,5,19.11,Heavy Rain,14.11
TRIP_858,EDSA Carousel,Balintawak,Late Night,8,8.74,Cloudy,0.74
TRIP_859,LRT-1,Libertad,Late Night,9,9.63,Heavy Rain,0.63
TRIP_860,MRT-3,Ortigas,Mid-Day,8,8.72,Clear,0.72
TRIP_861,MRT-3,Kamuning,Peak Morning,9,24.13,Cloudy,15.13
TRIP_862,MRT-3,Quezon Ave,Peak Morning,6,15.56,Cloudy,9.56
TRIP_863,EDSA Carousel,Ayala,Peak Evening,5,17.13,Clear,12.13
TRIP_864,LRT-1,EDSA,Peak Morning,9,30.23,Heavy Rain,21.23
TRIP_865,LRT-2,Antipolo,Late Night,5,5.85,Cloudy,0.85
TRIP_866,LRT-1,EDSA,Peak Evening,5,14.84,Clear,9.84
TRIP_867,MRT-3,North Ave,Late Night,5,7.0,Cloudy,2.0
TRIP_868,LRT-1,Bambang,Peak Morning,9,24.66,Cloudy,15.66
TRIP_869,LRT-1,Baclaran,Peak Morning,8,20.72,Cloudy,12.72
TRIP_870,LRT-1,Carriedo,Peak Evening,8,23.42,Heavy Rain,15.42
TRIP_871,MRT-3,Cubao,Late Night,5,6.79,Heavy Rain,1.79
TRIP_872,LRT-2,Marikina-Pasay,Peak Evening,8,21.23,Heavy Rain,13.23
TRIP_873,LRT-2,Legarda,Peak Morning,6,16.61,Cloudy,10.61
TRIP_874,EDSA Carousel,Guadalupe,Peak Morning,9,26.98,Cloudy,17.98
TRIP_875,LRT-2,J. Ruiz,Peak Evening,8,21.33,Cloudy,13.33
TRIP_876,MRT-3,TaftAve,Peak Morning,8,21.11,Clear,13.11
TRIP_877,LRT-2,Recto,Peak Morning,7,17.96,Cloudy,10.96
TRIP_878,EDSA Carousel,Guadalupe,Late Night,5,16.58,Heavy Rain,11.58
TRIP_879,LRT-1,Gil Puyat,Mid-Day,10,10.49,Clear,0.49
TRIP_880,LRT-1,Gil Puyat,Peak Evening,9,23.57,Clear,14.57
TRIP_881,LRT-2,Gilmore,Mid-Day,6,10.3,Clear,4.3
TRIP_882,MRT-3,Santolan-Annapolis,Peak Morning,10,25.75,Clear,15.75
TRIP_883,LRT-1,Quirino,Peak Evening,9,23.43,Heavy Rain,14.43
TRIP_884,LRT-1,balintawak,Mid-Day,8,16.76,Heavy Rain,8.76
TRIP_885,MRT-3,Magallanes,Peak Evening,7,24.04,Heavy Rain,17.04
TRIP_886,EDSA Carousel,Roxas Blvd,Peak Morning,6,18.04,Clear,12.04
TRIP_887,LRT-2,V. Mapa,Mid-Day,5,5.7,Clear,0.7
TRIP_888,LRT-2,J. Ruiz,Late Night,10,9.78,Heavy Rain,-0.22
TRIP_889,LRT-2,Betty Go-Belmonte,Late Night,8,9.57,Clear,1.57
TRIP_890,MRT-3,Cubao,Peak Morning,10,27.49,Heavy Rain,17.49
TRIP_891,LRT-2,J. Ruiz,Mid-Day,5,9.08,Cloudy,4.08
TRIP_892,LRT-2,Marikina-Pasay,Peak Morning,7,22.34,Clear,15.34
TRIP_893,MRT-3,Cubao,Mid-Day,8,8.81,Cloudy,0.81
TRIP_894,MRT-3,Shaw Blvd,Peak Morning,9,25.43,Cloudy,16.43
TRIP_895,LRT-2,Recto,Mid-Day,9,10.42,Cloudy,1.42
TRIP_896,MRT-3,Guadalupe,Peak Evening,5,14.38,Clear,9.38
TRIP_897,MRT-3,Quezon Ave,Peak Morning,6,16.75,Heavy Rain,10.75
TRIP_898,LRT-2,V. Mapa,Late Night,6,9.49,Heavy Rain,3.49
TRIP_899,EDSA Carousel,Ayala,Peak Morning,9,31.6,Heavy Rain,22.6
TRIP_900,EDSA Carousel,Kennedy Road,Peak Morning,6,23.25,Clear,17.25
TRIP_901,EDSA Carousel,Tramo,Peak Morning,6,15.71,Cloudy,9.71
TRIP_902,MRT-3,Boni,Peak Morning,7,20.53,Cloudy,13.53
TRIP_903,MRT-3,Boni,Peak Morning,9,25.22,Clear,16.22
TRIP_904,LRT-1,Ninoy Aquino,Late Night,8,7.7,Heavy Rain,-0.3
TRIP_905,EDSA Carousel,Quezon Ave,Peak Evening,10,27.2,Clear,17.2
TRIP_906,LRT-1,5th Avenue,Peak Evening,8,21.31,Heavy Rain,13.31
TRIP_907,MRT-3,Quezon Ave,Peak Morning,6,29.92,Heavy Rain,23.92
TRIP_908,MRT-3,Santolan-Annapolis,Late Night,8,7.44,Cloudy,-0.56
TRIP_909,LRT-2,Anonas,Peak Evening,7,19.41,Clear,12.41
TRIP_910,LRT-1,Quirino,Mid-Day,10,14.64,Heavy Rain,4.64
TRIP_911,LRT-1,Central Terminal,Mid-Day,7,8.51,Clear,1.51
TRIP_912,LRT-1,Abad Santos,Late Night,5,4.87,Cloudy,-0.13
TRIP_913,LRT-1,Asia World,Peak Morning,8,22.95,Heavy Rain,14.95
TRIP_914,EDSA Carousel,SM North EDSA,Late Night,6,5.04,Cloudy,-0.96
TRIP_915,LRT-1,EDSA,Peak Morning,10,30.94,Heavy Rain,20.94
TRIP_916,LRT-2,Anonas,Mid-Day,6,8.84,Clear,2.84
TRIP_917,MRT-3,Ortigas,Peak Morning,10,31.7,Heavy Rain,21.7
TRIP_918,MRT-3,Guadalupe,Late Night,6,10.45,Heavy Rain,4.45
TRIP_919,LRT-1,Dr. Santos,Late Night,8,10.33,Heavy Rain,2.33
TRIP_920,LRT-1,Blumentritt,Peak Morning,5,14.46,Cloudy,9.46
TRIP_921,LRT-2,Marikina-Pasay,Late Night,10,11.06,Clear,1.06
TRIP_922,EDSA Carousel,Cubao-Magallanes,Peak Evening,6,34.08,Heavy Rain,28.08
TRIP_923,EDSA Carousel,Kamuning,Late Night,9,8.18,Cloudy,-0.82
TRIP_924,EDSA Carousel,Tramo,Peak Morning,6,16.55,Cloudy,10.55
TRIP_925,MRT-3,Ortigas,Peak Morning,10,30.17,Heavy Rain,20.17
TRIP_926,MRT-3,Boni,Peak Morning,9,23.37,Cloudy,14.37
TRIP_927,LRT-1,Redemptorist,Late Night,7,12.02,Heavy Rain,5.02
TRIP_928,EDSA Carousel,SM North EDSA,Peak Evening,6,15.51,Clear,9.51
TRIP_929,EDSA Carousel,Kennedy Road,Peak Morning,10,23.25,Heavy Rain,13.25
TRIP_930,MRT-3,Boni,Peak Evening,7,23.7,Heavy Rain,16.7
TRIP_931,EDSA Carousel,Tramo,Peak Morning,7,17.93,Clear,10.93
TRIP_932,LRT-1,MIA,Late Night,5,5.65,Clear,0.65
TRIP_933,MRT-3,North Ave,Peak Evening,7,21.94,Clear,14.94
TRIP_934,EDSA Carousel,Kaingin Road,Peak Morning,7,17.87,Clear,10.87
TRIP_935,LRT-1,Abad Santos,Peak Evening,7,20.75,Heavy Rain,13.75
TRIP_936,MRT-3,Quezon Ave,Peak Evening,6,22.67,Cloudy,16.67
TRIP_937,LRT-1,Pedro Gil,Peak Morning,8,22.38,Clear,14.38
TRIP_938,LRT-2,Pureza,Peak Morning,5,14.38,Heavy Rain,9.38
TRIP_939,EDSA Carousel,Bagong Barrio,Peak Evening,9,49.28,Heavy Rain,40.28
TRIP_940,LRT-2,Katipunan,Peak Evening,8,27.75,Heavy Rain,19.75
TRIP_941,EDSA Carousel,Roosevelt,Peak Evening,7,21.32,Clear,14.32
TRIP_942,LRT-1,Asia World,Peak Evening,9,31.6,Heavy Rain,22.6
TRIP_943,LRT-2,Pureza,Peak Morning,9,25.5,Clear,16.5
TRIP_944,MRT-3,Buendia,Late Night,8,7.39,Clear,-0.61
TRIP_945,LRT-1,Bambang,Peak Morning,8,22.43,Clear,14.43
TRIP_946,EDSA Carousel,Guadalupe,Mid-Day,9,10.61,Clear,1.61
TRIP_947,LRT-1,Libertad,Peak Evening,8,21.02,Cloudy,13.02
TRIP_948,MRT-3,Ayala,Peak Evening,7,18.63,Clear,11.63
TRIP_949,MRT-3,Boni,Peak Morning,5,13.01,Cloudy,8.01
TRIP_950,EDSA Carousel,Monumento Terminal,Late Night,9,10.84,Heavy Rain,1.84
TRIP_951,LRT-1,Bambang,Late Night,6,8.08,Cloudy,2.08
TRIP_952,LRT-2,Cubao,Peak Evening,6,18.15,Heavy Rain,12.15
TRIP_953,LRT-2,Marikina-Pasay,Late Night,6,6.45,Cloudy,0.45
TRIP_954,EDSA Carousel,Guadalupe,Peak Evening,6,15.04,Cloudy,9.04
TRIP_955,MRT-3,Buendia,Peak Morning,10,25.68,Clear,15.68
TRIP_956,LRT-1,Pedro Gil,Mid-Day,9,10.43,Cloudy,1.43
TRIP_957,LRT-2,Pureza,Peak Morning,10,26.55,Clear,16.55
TRIP_958,LRT-1,MIA,Peak Morning,7,19.65,Clear,12.65
TRIP_959,EDSA Carousel,Cubao-Magallanes,Mid-Day,9,10.01,Cloudy,1.01
TRIP_960,MRT-3,Kamuning,Peak Morning,10,27.46,Clear,17.46
TRIP_961,MRT-3,Santolan-Annapolis,Late Night,8,13.3,Heavy Rain,5.3
TRIP_962,LRT-1,Monumento,Peak Morning,8,20.39,Cloudy,12.39
TRIP_963,LRT-1,Redemptorist,Peak Evening,10,27.13,Heavy Rain,17.13
TRIP_964,EDSA Carousel,Kennedy Road,Peak Evening,6,44.85,Heavy Rain,38.85
TRIP_965,EDSA Carousel,Kennedy Road,Peak Morning,5,20.17,Cloudy,15.17
TRIP_966,LRT-1,Carriedo,Peak Evening,10,28.6,Cloudy,18.6
TRIP_967,EDSA Carousel,Tramo,Mid-Day,9,22.33,Heavy Rain,13.33
TRIP_968,LRT-1,Asia World,Late Night,10,11.31,Clear,1.31
TRIP_969,LRT-2,Anonas,Mid-Day,5,8.11,Cloudy,3.11
TRIP_970,LRT-1,Balintawak,Mid-Day,5,8.42,Clear,3.42
TRIP_971,LRT-2,Gilmore,Peak Evening,5,13.04,Clear,8.04
TRIP_972,EDSA Carousel,Guadalupe,Mid-Day,8,21.69,Heavy Rain,13.69
TRIP_973,LRT-2,Recto,Late Night,5,5.46,Cloudy,0.46
TRIP_974,LRT-1,Gil Puyat,Peak Evening,8,21.68,Cloudy,13.68
TRIP_975,EDSA Carousel,Philam,Mid-Day,8,8.29,Cloudy,0.29
TRIP_976,MRT-3,North Ave,Peak Morning,9,24.2,Clear,15.2
TRIP_977,LRT-1,Ninoy Aquino,Mid-Day,8,9.95,Clear,1.95
TRIP_978,MRT-3,Santolan-Annapolis,Peak Morning,6,24.16,Heavy Rain,18.16
TRIP_979,LRT-1,Blumentritt,Peak Morning,10,27.68,Heavy Rain,17.68
TRIP_980,LRT-1,Abad Santos,Peak Evening,9,24.65,Clear,15.65
TRIP_981,MRT-3,Taft Ave,Mid-Day,9,9.51,Cloudy,0.51
TRIP_982,LRT-1,Tayuman,Mid-Day,8,9.25,Clear,1.25
TRIP_983,EDSA Carousel,Quezon Ave,Late Night,5,8.42,Cloudy,3.42
TRIP_984,MRT-3,Taft Ave,Peak Evening,8,20.68,Heavy Rain,12.68
TRIP_985,MRT-3,Kamuning,Peak Evening,9,23.26,Clear,14.26
TRIP_986,LRT-2,Pureza,Mid-Day,8,12.03,Clear,4.03
TRIP_987,MRT-3,Guadalupe,Peak Morning,6,16.11,Clear,10.11
TRIP_988,LRT-2,Legarda,Late Night,6,9.05,Heavy Rain,3.05
TRIP_989,EDSA Carousel,Santolan-Annapolis,Mid-Day,10,18.05,Heavy Rain,8.05
TRIP_990,LRT-2,Recto,Peak Evening,7,23.58,Heavy Rain,16.58
TRIP_991,LRT-1,Ninoy Aquino,Late Night,8,9.87,Heavy Rain,1.87
TRIP_992,LRT-2,Recto,Peak Evening,7,21.24,Cloudy,14.24
TRIP_993,LRT-1,Baclaran,Mid-Day,6,9.9,Clear,3.9
TRIP_994,EDSA Carousel,Philam,Mid-Day,8,8.49,Clear,0.49
TRIP_995,LRT-2,V. Mapa,Peak Morning,5,22.7,Cloudy,17.7
TRIP_996,MRT-3,Magallanes,Late Night,7,9.01,Cloudy,2.01
TRIP_997,LRT-2,Katipunan,Mid-Day,5,8.92,Heavy Rain,3.92
TRIP_998,LRT-1,Abad Santos,Late Night,10,13.32,Clear,3.32
TRIP_999,LRT-2,Katipunan,Peak Morning,7,26.32,Heavy Rain,19.32
TRIP_1000,EDSA Carousel,Bagong Barrio,Peak Morning,7,19.82,Cloudy,12.82
